-- phpMyAdmin SQL Dump
-- version 5.2.1
-- https://www.phpmyadmin.net/
--
-- Host: 127.0.0.1
-- Generation Time: Jun 12, 2026 at 11:04 AM
-- Server version: 10.4.32-MariaDB
-- PHP Version: 8.2.12

SET SQL_MODE = "NO_AUTO_VALUE_ON_ZERO";
START TRANSACTION;
SET time_zone = "+00:00";


/*!40101 SET @OLD_CHARACTER_SET_CLIENT=@@CHARACTER_SET_CLIENT */;
/*!40101 SET @OLD_CHARACTER_SET_RESULTS=@@CHARACTER_SET_RESULTS */;
/*!40101 SET @OLD_COLLATION_CONNECTION=@@COLLATION_CONNECTION */;
/*!40101 SET NAMES utf8mb4 */;

--
-- Database: `learnmate`
--

-- --------------------------------------------------------

--
-- Table structure for table `ai_chat_history`
--

CREATE TABLE `ai_chat_history` (
  `id` int(11) NOT NULL,
  `user_id` int(11) DEFAULT NULL,
  `question` text DEFAULT NULL,
  `answer` longtext DEFAULT NULL,
  `created_at` timestamp NOT NULL DEFAULT current_timestamp()
) ENGINE=InnoDB DEFAULT CHARSET=utf8mb4 COLLATE=utf8mb4_general_ci;

--
-- Dumping data for table `ai_chat_history`
--

INSERT INTO `ai_chat_history` (`id`, `user_id`, `question`, `answer`, `created_at`) VALUES
(7, 3, 'what is life cycle', 'Life Cycle\n\nA life cycle is the series of stages that something goes through from its beginning to its end. It shows how an organism, product, project, or idea starts, grows, changes, and eventually finishes or repeats the process. Think of it like a story with a clear start, middle, and finish, where each part has its own characteristics and tasks.\n\nKey Points:\n- Begins with a starting point such as a seed, idea, or launch.\n- Moves through growth or development phases where changes happen.\n- Reaches a mature or peak stage where it performs its main function.\n- Ends with decline, completion, or renewal, sometimes starting a new cycle.\n\nExample:\nA butterfly’s life cycle starts when a female butterfly lays eggs (start). The eggs hatch into caterpillars that eat and grow (growth). The caterpillar then forms a chrysalis and changes into a butterfly (maturity). The adult butterfly lives, mates, and lays new eggs, beginning the cycle again (renewal).', '2026-06-10 02:48:07'),
(8, 3, 'what is newton law', 'Newton\'s Laws of Motion\n\nNewton\'s laws describe how objects move and interact with forces. The first law says an object will stay still or keep moving straight at constant speed unless a force pushes or pulls it. The second law explains that when a force acts on an object, it changes the object\'s motion; the bigger the force, the faster the change, and heavier objects need more force to change their speed. The third law tells us that forces always come in pairs: if one object pushes another, the second object pushes back with the same strength in the opposite direction.\n\nKey Points:\n- First law (inertia): objects keep their current state of motion unless acted on by an external force.\n- Second law: Force = mass  acceleration; more force means more acceleration, more mass means less acceleration for the same force.\n- Third law: For every action force, there is an equal and opposite reaction force.\n\nExample:\nWhen you ride a bicycle and pedal harder, you apply a larger force on the pedals. This force makes the bike accelerate faster because the bike’s mass stays the same. If you try to push a heavy shopping cart, you need to apply a stronger push than you would for a light cart, showing the relationship between force, mass, and acceleration. When the bike’s tire pushes backward against the road, the road pushes the tire forward with an equal and opposite force, propelling the bike forward.', '2026-06-10 02:49:19'),
(9, 3, 'who is george warshington', 'George Washington\n\nGeorge Washington was the first President of the United States and one of the leading figures in America’s fight for independence from Britain. He helped lead the colonial army during the Revolutionary War, and after the war he helped create the new government. People call him “the Father of His Country” because of his important role in starting the nation.\n\nKey Points:\n- Commanded the Continental Army and won the Revolutionary War.\n- Served two terms as the first President of the United States (1789‑1797).\n- Set many precedents for how the presidency works, such as serving only two terms.\n- Was a farmer and owned a plantation called Mount Vernon in Virginia.\n- Known for his honesty, leadership, and dedication to the new country.\n\nExample:\nImagine a school class that needs a leader to organize a group project. George Washington was like the class captain who guided his teammates (the colonies) through a big challenge (the war) and then helped set the rules for future class projects (the new government). His example shows how good leadership and fair decisions can shape the future.', '2026-06-10 02:52:29'),
(25, 3, 'what is momentun', 'Momentum\n\nMomentum is a measure of how much motion an object has. It depends on two things: how heavy the object is (its mass) and how fast it is moving (its velocity). The more mass an object has or the faster it moves, the more momentum it carries. Momentum helps explain why it is harder to stop a moving truck than a rolling marble, even if both are moving at the same speed.\n\nKey Points:\n- Momentum (p) = mass (m) × velocity (v)\n- It is a vector, meaning it has both size and direction.\n- In a closed system (no outside forces), total momentum stays the same – this is called conservation of momentum.\n- A larger mass or higher speed results in larger momentum.\n\nExample:\nThink of riding a bike downhill. When you start moving slowly, you can stop quickly by pressing the brakes. As you pick up speed, you feel it gets harder to stop because your bike’s momentum has increased. If you add a heavy backpack, even at the same speed, you’ll need to apply more force or take a longer distance to come to a stop, showing how both mass and velocity affect momentum.', '2026-06-12 08:59:52');

-- --------------------------------------------------------

--
-- Table structure for table `courses`
--

CREATE TABLE `courses` (
  `id` int(11) NOT NULL,
  `subject_id` int(11) NOT NULL,
  `course_name` varchar(255) NOT NULL,
  `description` text DEFAULT NULL
) ENGINE=InnoDB DEFAULT CHARSET=utf8mb4 COLLATE=utf8mb4_general_ci;

--
-- Dumping data for table `courses`
--

INSERT INTO `courses` (`id`, `subject_id`, `course_name`, `description`) VALUES
(10, 1, 'Grammar Basics', 'Learn the fundamental rules of English grammar including nouns, verbs, adjectives, and sentence structure.'),
(11, 1, 'Vocabulary Building', 'Expand your English vocabulary through common words, meanings, and practical usage.'),
(12, 1, 'Reading Skills', 'Develop reading comprehension skills through passages, analysis, and understanding key ideas.'),
(13, 1, 'Writing Skills', 'Learn how to write clear sentences, paragraphs, essays, and formal English content.'),
(14, 1, 'Communication Skills', 'Improve speaking, listening, and conversational English for real-life situations.'),
(15, 2, 'Numbers and Operations', 'Learn number systems, arithmetic operations, and basic mathematical calculations.'),
(16, 2, 'Algebra Fundamentals', 'Understand variables, equations, expressions, and algebraic problem solving.'),
(17, 2, 'Geometry Basics', 'Learn shapes, angles, lines, area, perimeter, and geometric reasoning.'),
(18, 2, 'Statistics and Data', 'Explore data collection, graphs, averages, and basic statistical analysis.'),
(19, 2, 'Introduction to Calculus', 'Learn limits, rates of change, and the foundations of calculus.'),
(20, 3, 'Introduction to Science', 'Learn the basic concepts of science, scientific methods, and observation skills.'),
(21, 3, 'Physics Fundamentals', 'Explore motion, forces, energy, and the basic laws of physics.'),
(22, 3, 'Chemistry Basics', 'Understand matter, atoms, elements, compounds, and chemical reactions.'),
(23, 3, 'Biology Fundamentals', 'Study living organisms, cells, body systems, and ecosystems.'),
(24, 3, 'Environmental Science', 'Learn about the environment, natural resources, pollution, and sustainability.'),
(34, 4, 'English', 'Develop advanced reading, writing, grammar, vocabulary, comprehension, and communication skills required for Grade 12 students.'),
(35, 4, 'Mathematics', 'Study algebra, trigonometry, calculus fundamentals, problem-solving techniques, and mathematical reasoning for higher education preparation.'),
(36, 4, 'Chemistry', 'Learn chemical reactions, atomic structure, organic chemistry, laboratory concepts, and practical applications of chemistry in daily life.'),
(37, 4, 'Biology', 'Explore living organisms, human body systems, genetics, ecology, evolution, and biological processes through theoretical and practical learning.'),
(38, 4, 'Economics', 'Understand economic principles, market systems, supply and demand, national economies, and financial decision-making concepts.'),
(39, 4, 'Physics', 'Study motion, forces, energy, electricity, waves, modern physics, and the scientific principles governing the physical world.');

-- --------------------------------------------------------

--
-- Table structure for table `lessons`
--

CREATE TABLE `lessons` (
  `id` int(11) NOT NULL,
  `course_id` int(11) NOT NULL,
  `lesson_order` int(11) NOT NULL,
  `lesson_title` varchar(255) NOT NULL,
  `description` text DEFAULT NULL,
  `content` longtext DEFAULT NULL
) ENGINE=InnoDB DEFAULT CHARSET=utf8mb4 COLLATE=utf8mb4_general_ci;

--
-- Dumping data for table `lessons`
--

INSERT INTO `lessons` (`id`, `course_id`, `lesson_order`, `lesson_title`, `description`, `content`) VALUES
(6, 10, 1, 'Parts of Speech', 'Learn the eight basic parts of speech used in English grammar.', 'Parts of speech are the building blocks of every sentence in the English language. Understanding them helps students communicate clearly and write correctly.\r\n\r\nThere are eight main parts of speech: nouns, pronouns, verbs, adjectives, adverbs, prepositions, conjunctions, and interjections.\r\n\r\nA noun is a word that names a person, place, thing, or idea. Examples include teacher, school, computer, and happiness.\r\n\r\nA pronoun replaces a noun to avoid repetition. Examples include he, she, they, and it.\r\n\r\nA verb expresses an action or state of being. Examples include run, study, write, and is.\r\n\r\nAn adjective describes a noun. Examples include beautiful, large, intelligent, and colorful.\r\n\r\nAn adverb modifies a verb, adjective, or another adverb. Examples include quickly, slowly, carefully, and very.\r\n\r\nA preposition shows relationships between words. Examples include in, on, under, and beside.\r\n\r\nA conjunction connects words, phrases, or clauses. Examples include and, but, because, and although.\r\n\r\nAn interjection expresses strong feelings. Examples include wow, oh, and hooray.\r\n\r\nBy learning the parts of speech, students can better understand how sentences are formed and how words work together to create meaning.'),
(7, 10, 2, 'Sentence Structure', 'Understand how words combine to form complete and meaningful sentences.', 'Every sentence must express a complete thought. A basic sentence contains a subject and a predicate.\r\n\r\nThe subject tells us who or what the sentence is about. The predicate tells us what the subject does or what happens to it.\r\n\r\nExample:\r\nThe student studies English.\r\nSubject: The student\r\nPredicate: studies English\r\n\r\nThere are four main types of sentences.\r\n\r\nDeclarative sentences make statements.\r\nExample: I enjoy reading books.\r\n\r\nInterrogative sentences ask questions.\r\nExample: Where do you live?\r\n\r\nImperative sentences give commands.\r\nExample: Close the door.\r\n\r\nExclamatory sentences express strong emotions.\r\nExample: What a wonderful day!\r\n\r\nGood sentence structure helps readers understand ideas clearly. Poor sentence structure can cause confusion and misunderstanding.\r\n\r\nStudents should practice writing complete sentences using correct punctuation and grammar rules.'),
(8, 10, 3, 'Subject and Verb Agreement', 'Learn how subjects and verbs must agree in number and person.', 'Subject-verb agreement is an important grammar rule. The verb must match the subject in number.\r\n\r\nSingular subjects take singular verbs.\r\nExample:\r\nThe boy plays football.\r\n\r\nPlural subjects take plural verbs.\r\nExample:\r\nThe boys play football.\r\n\r\nIncorrect:\r\nThe boys plays football.\r\n\r\nCorrect:\r\nThe boys play football.\r\n\r\nWhen the subject is he, she, or it, the verb often ends with s in the present tense.\r\nExample:\r\nShe studies every day.\r\nHe works hard.\r\nIt runs quickly.\r\n\r\nSpecial attention is needed when using collective nouns, indefinite pronouns, and compound subjects.\r\n\r\nCorrect subject-verb agreement improves the quality of both written and spoken English and helps communication sound natural and professional.'),
(9, 10, 4, 'Common Grammar Mistakes', 'Identify and correct common mistakes made by English learners.', 'Many students make grammar mistakes while speaking and writing English. Learning these mistakes helps improve communication skills.\r\n\r\nOne common mistake is confusing there, their, and they are.\r\n\r\nThere refers to a place.\r\nExample: The book is over there.\r\n\r\nTheir shows ownership.\r\nExample: Their classroom is large.\r\n\r\nThey are is the short form of they are.\r\nExample: They are studying science.\r\n\r\nAnother mistake is confusing your and you are.\r\n\r\nYour shows possession.\r\nExample: Your bag is on the table.\r\n\r\nYou are can be shortened to you are.\r\nExample: You are my friend.\r\n\r\nStudents also make mistakes with verb tenses.\r\nIncorrect:\r\nYesterday I go to school.\r\n\r\nCorrect:\r\nYesterday I went to school.\r\n\r\nDouble negatives should be avoided.\r\nIncorrect:\r\nI do not know nothing.\r\n\r\nCorrect:\r\nI do not know anything.\r\n\r\nCareful proofreading and regular practice can help students avoid grammar mistakes and become more confident English users.'),
(10, 11, 1, 'Everyday Vocabulary', 'Learn common English words used in daily life situations.', 'Vocabulary is the collection of words that people use to communicate. A strong vocabulary helps students understand conversations, books, lessons, and everyday situations.\r\n\r\nEveryday vocabulary includes words that are commonly used at home, school, work, and in public places.\r\n\r\nExamples of common daily words include family, friend, teacher, student, house, food, water, school, market, and computer.\r\n\r\nConsider the following sentence:\r\nI went to the market with my friend to buy fresh vegetables.\r\n\r\nUnderstanding the meaning of each word allows readers to understand the complete message.\r\n\r\nStudents should learn new words by reading books, newspapers, websites, and educational materials. Keeping a vocabulary notebook is also a useful habit. Whenever a student encounters a new word, they should write the word, its meaning, and an example sentence.\r\n\r\nExample:\r\nWord: Curious\r\nMeaning: Eager to know something\r\nSentence: The curious student asked many questions during the science lesson.\r\n\r\nBuilding everyday vocabulary improves confidence in speaking and writing English and helps students communicate more effectively in real-life situations.'),
(11, 11, 2, 'Synonyms and Antonyms', 'Learn words with similar and opposite meanings.', 'Synonyms are words that have similar meanings, while antonyms are words that have opposite meanings.\r\n\r\nLearning synonyms helps students avoid repeating the same words in writing and speaking.\r\n\r\nExamples of synonyms:\r\nHappy - Joyful\r\nBig - Large\r\nFast - Quick\r\nSmart - Intelligent\r\nBeautiful - Attractive\r\n\r\nExample sentence:\r\nThe intelligent student solved the difficult problem.\r\nThe smart student solved the difficult problem.\r\n\r\nBoth sentences have similar meanings.\r\n\r\nAntonyms help students understand contrasts.\r\n\r\nExamples of antonyms:\r\nHot - Cold\r\nTall - Short\r\nEasy - Difficult\r\nStrong - Weak\r\nSuccess - Failure\r\n\r\nExample sentence:\r\nThe exam was difficult.\r\nThe homework was easy.\r\n\r\nUsing synonyms and antonyms improves vocabulary variety and helps students express ideas more clearly.\r\n\r\nStudents can practice by selecting a word and finding three synonyms and three antonyms. This activity strengthens vocabulary knowledge and reading comprehension.'),
(12, 11, 3, 'Academic Vocabulary', 'Learn important words commonly used in schools and educational environments.', 'Academic vocabulary consists of words frequently used in classrooms, textbooks, examinations, and educational discussions.\r\n\r\nStudents who understand academic vocabulary perform better in reading, writing, and learning activities.\r\n\r\nExamples of academic words include:\r\nAnalyze\r\nCompare\r\nEvaluate\r\nResearch\r\nExplain\r\nSummarize\r\nInterpret\r\nEvidence\r\nConclusion\r\nTheory\r\n\r\nExample:\r\nAnalyze means to examine something carefully to understand it better.\r\n\r\nSentence:\r\nStudents must analyze the data before writing their science report.\r\n\r\nAnother example:\r\nEvidence refers to information that supports an idea or claim.\r\n\r\nSentence:\r\nThe scientist collected evidence to support the experiment results.\r\n\r\nAcademic vocabulary is important because these words appear regularly in assignments, examinations, reports, and presentations.\r\n\r\nStudents should actively use academic words when writing essays and answering questions to improve their communication skills and academic performance.'),
(13, 11, 4, 'Context Clues and Word Meaning', 'Learn how to understand unfamiliar words by using surrounding information.', 'Readers often encounter unfamiliar words while reading books, articles, or lessons. Instead of immediately checking a dictionary, they can use context clues.\r\n\r\nContext clues are hints found in surrounding words and sentences that help explain the meaning of an unfamiliar word.\r\n\r\nExample:\r\nThe desert was arid. It had received almost no rainfall for several years.\r\n\r\nEven if a student does not know the meaning of arid, the phrase almost no rainfall suggests that arid means very dry.\r\n\r\nAnother example:\r\nThe athlete was exhausted after running the marathon. She could barely walk.\r\n\r\nThe phrase could barely walk helps readers understand that exhausted means extremely tired.\r\n\r\nUsing context clues improves reading speed and comprehension because students can understand many new words without stopping frequently.\r\n\r\nGood readers constantly use context clues to determine word meanings. This skill becomes especially useful when reading academic texts, novels, articles, and examination passages.\r\n\r\nPracticing context clues regularly helps students become independent learners and significantly expands their vocabulary over time.'),
(14, 12, 1, 'Understanding Main Ideas', 'Learn how to identify the main idea and supporting details in a passage.', 'Reading is more than simply looking at words on a page. Good readers understand the central message that an author wants to communicate. This central message is called the main idea.\r\n\r\nThe main idea is the most important point in a paragraph, article, or story. All other information supports or explains the main idea.\r\n\r\nFor example, consider the following paragraph:\r\n\r\nMany students enjoy reading books because books provide knowledge, improve vocabulary, and encourage imagination. Reading regularly can also improve concentration and critical thinking skills.\r\n\r\nThe main idea of this paragraph is that reading books provides many benefits. The other details explain those benefits.\r\n\r\nTo identify the main idea, students should ask themselves:\r\n- What is the paragraph mostly about?\r\n- What message is the author trying to communicate?\r\n- Which sentence summarizes the entire paragraph?\r\n\r\nSupporting details are pieces of information that explain or prove the main idea. These may include facts, examples, statistics, or explanations.\r\n\r\nWhen students can identify the main idea and supporting details, they become better readers and are able to understand academic texts more effectively. This skill is important in school, examinations, and everyday reading situations.'),
(15, 12, 2, 'Reading for Information', 'Develop skills to find important information in texts quickly and accurately.', 'People read for many reasons. Sometimes they read for enjoyment, while at other times they read to gather information. Reading for information is an important skill used in schools, workplaces, and daily life.\r\n\r\nInformational texts include textbooks, news articles, reports, websites, and manuals. These texts provide facts and explanations rather than stories.\r\n\r\nWhen reading for information, students should focus on:\r\n- Headings and subheadings\r\n- Important keywords\r\n- Definitions\r\n- Dates and numbers\r\n- Examples and explanations\r\n\r\nFor example, if a student is reading about climate change, they should identify important facts such as causes, effects, and possible solutions.\r\n\r\nSkimming and scanning are two useful reading techniques.\r\n\r\nSkimming means reading quickly to get the general idea of a text.\r\n\r\nScanning means searching for specific information, such as a date, name, or fact.\r\n\r\nThese techniques save time and improve reading efficiency.\r\n\r\nStudents who develop strong informational reading skills can learn new subjects more easily, perform better in examinations, and become more independent learners.'),
(16, 12, 3, 'Making Inferences', 'Learn how to understand information that is implied but not directly stated.', 'Authors do not always state every detail directly. Sometimes readers must use clues from the text along with their own knowledge to understand the complete meaning. This process is called making inferences.\r\n\r\nAn inference is an educated guess based on evidence.\r\n\r\nConsider this example:\r\n\r\nSarah entered the classroom carrying a wet umbrella and wearing a raincoat.\r\n\r\nAlthough the sentence does not directly say it was raining, readers can infer that rain was likely falling outside.\r\n\r\nMaking inferences helps readers:\r\n- Understand characters and emotions\r\n- Predict future events\r\n- Interpret hidden meanings\r\n- Improve comprehension\r\n\r\nAnother example:\r\n\r\nTom looked at the clock every few minutes and tapped his foot impatiently.\r\n\r\nA reader can infer that Tom is waiting for something and may be feeling nervous or excited.\r\n\r\nGood readers constantly combine information from the text with their own experiences to make logical conclusions.\r\n\r\nPracticing inference skills helps students become active readers who think critically about what they read rather than simply recognizing words.'),
(17, 12, 4, 'Reading Comprehension Strategies', 'Learn techniques to improve understanding and retention while reading.', 'Reading comprehension refers to the ability to understand, remember, and analyze what has been read. Strong comprehension skills are essential for success in education and professional life.\r\n\r\nThere are several strategies that can improve reading comprehension.\r\n\r\nFirst, students should preview a text before reading. Looking at titles, headings, and pictures provides an overview of the content.\r\n\r\nSecond, students should ask questions while reading. Questions such as:\r\n- What is happening?\r\n- Why did this happen?\r\n- What is the author trying to explain?\r\n\r\nhelp maintain focus.\r\n\r\nThird, students should summarize information after reading. Summarizing helps identify important ideas and improves memory.\r\n\r\nFourth, students should visualize what they are reading. Creating mental images can make information easier to understand.\r\n\r\nFifth, students should review difficult sections rather than skipping them.\r\n\r\nConsider a science article about the water cycle. A student who previews the headings, asks questions, takes notes, and summarizes key points will understand the article much better than someone who reads passively.\r\n\r\nReading comprehension improves with practice. The more students read and apply these strategies, the better they become at understanding complex information.\r\n\r\nStrong comprehension skills support academic achievement, lifelong learning, and effective communication in everyday life.'),
(18, 13, 1, 'Writing Effective Sentences', 'Learn how to construct clear, correct, and meaningful sentences.', 'Writing begins with creating effective sentences. A sentence is a group of words that expresses a complete thought. Every sentence should contain a subject and a verb.\r\n\r\nFor example:\r\n\r\nThe student studies English every day.\r\n\r\nIn this sentence, \"The student\" is the subject, and \"studies\" is the verb.\r\n\r\nGood sentences are clear, concise, and easy to understand. Writers should avoid incomplete sentences known as sentence fragments.\r\n\r\nIncorrect:\r\nBecause I was tired.\r\n\r\nCorrect:\r\nBecause I was tired, I went to bed early.\r\n\r\nStudents should also avoid run-on sentences, which occur when two or more complete ideas are joined incorrectly.\r\n\r\nIncorrect:\r\nI finished my homework I watched television.\r\n\r\nCorrect:\r\nI finished my homework, and then I watched television.\r\n\r\nStrong sentences help readers understand ideas quickly. Writers should vary sentence lengths and structures to make their writing more interesting.\r\n\r\nPractice writing simple, compound, and complex sentences to improve sentence-writing skills. Effective sentence construction forms the foundation of all successful writing.'),
(19, 13, 2, 'Paragraph Writing', 'Learn how to organize ideas into clear and structured paragraphs.', 'A paragraph is a group of sentences that focus on one main idea. Well-written paragraphs help readers follow information easily.\r\n\r\nEvery paragraph should contain three important parts:\r\n\r\n1. Topic Sentence\r\n2. Supporting Details\r\n3. Concluding Sentence\r\n\r\nThe topic sentence introduces the main idea.\r\n\r\nExample:\r\nReading books offers many benefits for students.\r\n\r\nSupporting details explain and develop the idea.\r\n\r\nExample:\r\nReading improves vocabulary, increases knowledge, and strengthens concentration skills.\r\n\r\nThe concluding sentence summarizes the paragraph.\r\n\r\nExample:\r\nFor these reasons, reading is an important habit for students.\r\n\r\nWriters should ensure that all sentences in a paragraph relate to the same topic. Unrelated information can confuse readers.\r\n\r\nParagraph organization is important in essays, reports, emails, and other forms of communication. Students should practice developing ideas with examples, facts, and explanations to create strong paragraphs.\r\n\r\nWell-structured paragraphs improve readability and make writing more professional.'),
(20, 13, 3, 'Essay Writing Fundamentals', 'Learn the structure and organization of a basic essay.', 'An essay is a piece of writing that presents information, opinions, or arguments about a specific topic.\r\n\r\nMost essays contain three major sections:\r\n\r\nIntroduction\r\nBody Paragraphs\r\nConclusion\r\n\r\nThe introduction presents the topic and captures the reader attention. It often includes a thesis statement that explains the main purpose of the essay.\r\n\r\nExample:\r\nTechnology has transformed modern education by improving access to information and learning resources.\r\n\r\nThe body paragraphs provide evidence, explanations, and examples that support the thesis statement.\r\n\r\nEach body paragraph should focus on one main point.\r\n\r\nThe conclusion summarizes the main ideas and reinforces the overall message.\r\n\r\nA strong essay follows a logical structure. Ideas should flow smoothly from one paragraph to the next using transition words such as however, therefore, furthermore, and in addition.\r\n\r\nEssay writing helps students develop critical thinking, communication, and analytical skills. These skills are valuable for academic success and professional development.\r\n\r\nRegular practice enables students to express ideas clearly and confidently.'),
(21, 13, 4, 'Editing and Proofreading', 'Learn how to review and improve written work before submission.', 'Writing does not end after the first draft is completed. Good writers spend time editing and proofreading their work to improve quality and accuracy.\r\n\r\nEditing focuses on improving content, organization, and clarity.\r\n\r\nDuring editing, writers ask questions such as:\r\n\r\n- Does the writing clearly communicate its message?\r\n- Are ideas organized logically?\r\n- Are examples and explanations sufficient?\r\n- Can any sentences be improved?\r\n\r\nProofreading focuses on correcting grammar, spelling, punctuation, and formatting errors.\r\n\r\nCommon mistakes include:\r\n\r\nIncorrect:\r\nTheir going to school.\r\n\r\nCorrect:\r\nThey are going to school.\r\n\r\nIncorrect:\r\nI enjoy reading writing and learning.\r\n\r\nCorrect:\r\nI enjoy reading, writing, and learning.\r\n\r\nWriters should read their work carefully and slowly. Reading aloud often helps identify awkward sentences and mistakes that may otherwise be overlooked.\r\n\r\nMany professional writers revise their work multiple times before publishing.\r\n\r\nEditing and proofreading improve the quality of writing, increase credibility, and ensure that readers can understand the intended message clearly. These skills are essential for academic assignments, business communication, and professional writing.'),
(22, 14, 1, 'Introduction to Communication', 'Learn the fundamentals of effective communication in daily life.', 'Communication is the process of sharing information, ideas, thoughts, and feelings with others. It plays an important role in every aspect of life, including education, business, relationships, and teamwork.\r\n\r\nEffective communication helps people understand each other and reduces misunderstandings. Good communication involves both speaking and listening.\r\n\r\nThere are several types of communication:\r\n\r\n1. Verbal Communication\r\nThis includes speaking face-to-face, participating in discussions, and making presentations.\r\n\r\n2. Non-Verbal Communication\r\nThis includes body language, facial expressions, eye contact, and gestures.\r\n\r\n3. Written Communication\r\nThis includes emails, letters, reports, messages, and essays.\r\n\r\n4. Visual Communication\r\nThis includes charts, diagrams, images, and presentations.\r\n\r\nFor example, when a teacher explains a lesson in class, students listen carefully and may ask questions. This interaction is an example of effective communication.\r\n\r\nCommunication is not only about talking. It also involves understanding the message being shared. People who communicate clearly often build stronger relationships and achieve greater success in school and the workplace.\r\n\r\nBy improving communication skills, students become more confident when expressing ideas and interacting with others.'),
(23, 14, 2, 'Active Listening Skills', 'Learn how to listen carefully and respond effectively during conversations.', 'Listening is one of the most important communication skills. Many people focus on speaking but forget that effective communication also requires understanding what others are saying.\r\n\r\nActive listening means paying full attention to the speaker and showing genuine interest in the conversation.\r\n\r\nCharacteristics of active listening include:\r\n\r\n- Maintaining eye contact\r\n- Avoiding interruptions\r\n- Asking relevant questions\r\n- Providing feedback\r\n- Showing interest through body language\r\n\r\nConsider the following example:\r\n\r\nA friend is explaining a problem they are facing at school. Instead of immediately giving advice, an active listener first listens carefully and tries to understand the situation completely.\r\n\r\nPoor listening can lead to misunderstandings and conflicts.\r\n\r\nFor example, if an employee misunderstands instructions from a manager, mistakes may occur that affect the entire team.\r\n\r\nActive listening helps build trust and respect. People appreciate being heard and understood.\r\n\r\nStudents can improve listening skills by practicing patience, focusing on the speaker, and avoiding distractions such as mobile phones during conversations.\r\n\r\nStrong listening skills contribute to better learning, teamwork, and personal relationships.'),
(24, 14, 3, 'Public Speaking and Presentation Skills', 'Develop confidence when speaking in front of an audience.', 'Public speaking is the ability to communicate ideas effectively to a group of people. It is an important skill for students, professionals, leaders, and business owners.\r\n\r\nMany people feel nervous when speaking in front of others. However, confidence improves through preparation and practice.\r\n\r\nSuccessful public speakers follow several principles:\r\n\r\n1. Know the Topic\r\nUnderstanding the subject helps speakers explain ideas clearly.\r\n\r\n2. Organize Information\r\nPresentations should have a clear introduction, body, and conclusion.\r\n\r\n3. Speak Clearly\r\nWords should be pronounced correctly and spoken at an appropriate pace.\r\n\r\n4. Maintain Eye Contact\r\nEye contact helps build connection with the audience.\r\n\r\n5. Use Body Language Effectively\r\nNatural gestures and positive posture make presentations more engaging.\r\n\r\nFor example, a student presenting a science project should explain the objective, process, findings, and conclusion in a logical order.\r\n\r\nPublic speaking is useful in classroom presentations, job interviews, business meetings, and leadership roles.\r\n\r\nRegular practice helps individuals become more comfortable speaking in front of audiences and improves overall communication confidence.'),
(25, 14, 4, 'Professional Communication', 'Learn how to communicate professionally in academic and workplace environments.', 'Professional communication refers to the way people communicate in educational and workplace settings. It requires clarity, respect, and professionalism.\r\n\r\nProfessional communication includes:\r\n\r\n- Writing emails\r\n- Participating in meetings\r\n- Giving presentations\r\n- Working in teams\r\n- Communicating with customers or clients\r\n\r\nWhen writing professional emails, individuals should:\r\n\r\n- Use a clear subject line\r\n- Begin with a polite greeting\r\n- Explain the purpose clearly\r\n- Maintain respectful language\r\n- End with a professional closing\r\n\r\nExample:\r\n\r\nSubject: Assignment Submission\r\n\r\nDear Teacher,\r\n\r\nI hope you are doing well. I am writing to submit my completed assignment for the English course. Please find the attached document.\r\n\r\nThank you for your time.\r\n\r\nSincerely,\r\nJohn Smith\r\n\r\nProfessional communication also involves respecting others opinions, listening carefully, and responding appropriately during discussions.\r\n\r\nIn workplaces, effective communication improves teamwork, productivity, and problem-solving.\r\n\r\nStudents who develop professional communication skills are better prepared for future careers because employers highly value individuals who can communicate clearly and respectfully.\r\n\r\nStrong professional communication creates positive impressions and contributes to long-term personal and professional success.'),
(26, 15, 1, 'Natural Numbers and Whole Numbers', 'Learn the basics of natural numbers and whole numbers used in everyday life.', 'Numbers are an important part of daily life. People use numbers to count objects, measure quantities, track time, manage money, and solve problems.\r\n\r\nNatural numbers are the counting numbers that begin from 1 and continue indefinitely.\r\n\r\nExamples:\r\n1, 2, 3, 4, 5, 6, 7, 8, 9, 10\r\n\r\nNatural numbers are commonly used when counting students in a classroom, books on a shelf, or items in a store.\r\n\r\nWhole numbers include all natural numbers and the number zero.\r\n\r\nExamples:\r\n0, 1, 2, 3, 4, 5, 6, 7, 8, 9, 10\r\n\r\nZero is important because it represents the absence of quantity.\r\n\r\nFor example:\r\nA student may have 5 pencils today. If all pencils are lost, the number of pencils becomes 0.\r\n\r\nProperties of whole numbers include:\r\n- They are not negative.\r\n- They do not contain fractions or decimals.\r\n- They continue infinitely.\r\n\r\nIn daily life, numbers help us count money, calculate ages, determine distances, and organize information.\r\n\r\nUnderstanding natural and whole numbers is the first step toward learning more advanced mathematics.'),
(27, 15, 2, 'Addition and Subtraction', 'Learn how addition and subtraction are used to solve real-world problems.', 'Addition and subtraction are fundamental mathematical operations used every day.\r\n\r\nAddition combines two or more quantities.\r\n\r\nExample:\r\n3 + 5 = 8\r\n\r\nIf a student owns 3 books and receives 5 more books, the total becomes 8 books.\r\n\r\nSubtraction removes one quantity from another.\r\n\r\nExample:\r\n10 - 4 = 6\r\n\r\nIf a student has 10 dollars and spends 4 dollars, 6 dollars remain.\r\n\r\nAddition is commonly used when:\r\n- Counting total items\r\n- Calculating expenses\r\n- Combining scores\r\n- Tracking inventory\r\n\r\nSubtraction is commonly used when:\r\n- Finding differences\r\n- Calculating change\r\n- Measuring decreases\r\n- Comparing quantities\r\n\r\nWord Problem Example:\r\n\r\nA classroom contains 25 students. Five students are absent.\r\n\r\n25 - 5 = 20\r\n\r\nThere are 20 students present.\r\n\r\nThese operations are essential in shopping, budgeting, business, and everyday decision-making.\r\n\r\nMastering addition and subtraction helps students develop confidence in solving practical mathematical problems.'),
(28, 15, 3, 'Multiplication and Division', 'Understand multiplication and division through practical examples.', 'Multiplication is repeated addition.\r\n\r\nExample:\r\n4 × 3 means 4 groups of 3.\r\n\r\n3 + 3 + 3 + 3 = 12\r\n\r\nTherefore:\r\n4 × 3 = 12\r\n\r\nDivision is the opposite of multiplication. It involves splitting a quantity into equal parts.\r\n\r\nExample:\r\n12 ÷ 3 = 4\r\n\r\nIf 12 apples are divided equally among 3 children, each child receives 4 apples.\r\n\r\nMultiplication is useful when:\r\n- Calculating total prices\r\n- Finding area\r\n- Determining quantities\r\n- Scaling measurements\r\n\r\nExample:\r\nA notebook costs 2 dollars.\r\nBuying 5 notebooks costs:\r\n\r\n2 × 5 = 10 dollars\r\n\r\nDivision is useful when:\r\n- Sharing items equally\r\n- Determining averages\r\n- Calculating unit prices\r\n- Managing resources\r\n\r\nExample:\r\n24 students are divided into 4 groups.\r\n\r\n24 ÷ 4 = 6\r\n\r\nEach group contains 6 students.\r\n\r\nUnderstanding multiplication and division helps students solve more complex mathematical problems and prepares them for algebra and higher mathematics.'),
(29, 15, 4, 'Fractions, Decimals, and Percentages', 'Learn how fractions, decimals, and percentages are used in everyday situations.', 'Fractions, decimals, and percentages represent parts of a whole.\r\n\r\nA fraction shows a portion of something.\r\n\r\nExamples:\r\n1/2, 1/4, 3/4\r\n\r\nIf a pizza is cut into 8 slices and a student eats 4 slices:\r\n\r\n4/8 = 1/2\r\n\r\nThe student ate half of the pizza.\r\n\r\nDecimals are another way to represent fractions.\r\n\r\nExamples:\r\n0.5 = 1/2\r\n0.25 = 1/4\r\n0.75 = 3/4\r\n\r\nDecimals are commonly used in money, measurements, and scientific calculations.\r\n\r\nExample:\r\nA bottle contains 1.5 liters of water.\r\n\r\nPercentages represent parts out of 100.\r\n\r\nExamples:\r\n50% means 50 out of 100.\r\n25% means 25 out of 100.\r\n\r\nPercentages are commonly used in:\r\n- Discounts\r\n- Examination scores\r\n- Interest rates\r\n- Statistics\r\n\r\nExample:\r\nA shirt costs 100 dollars.\r\nA store offers a 20% discount.\r\n\r\n20% of 100 = 20\r\n\r\nNew price = 80 dollars.\r\n\r\nUnderstanding fractions, decimals, and percentages helps students make informed financial decisions and interpret information accurately in daily life.'),
(30, 16, 1, 'Introduction to Algebra', 'Learn what algebra is and how variables are used to represent unknown values.', 'Algebra is a branch of mathematics that uses symbols and letters to represent numbers and quantities. These symbols are called variables.\r\n\r\nVariables allow us to describe situations where a value is unknown or can change. The most common variables are x, y, and z.\r\n\r\nFor example:\r\n\r\nx = 5\r\n\r\nHere, x represents the number 5.\r\n\r\nIn real life, variables are used whenever a quantity is not yet known.\r\n\r\nExample:\r\n\r\nA student wants to buy notebooks that cost 2 dollars each.\r\n\r\nIf the student buys x notebooks, the total cost can be written as:\r\n\r\n2x\r\n\r\nThis expression helps us calculate costs for any number of notebooks.\r\n\r\nAlgebra is useful because it allows us to create general rules rather than solving each problem separately.\r\n\r\nApplications of algebra include:\r\n\r\n- Business calculations\r\n- Financial planning\r\n- Computer programming\r\n- Engineering\r\n- Scientific research\r\n\r\nConsider a taxi service that charges a fixed fee plus a fee per kilometer.\r\n\r\nTotal Cost = 5 + 2x\r\n\r\nWhere:\r\n5 = starting fee\r\nx = kilometers traveled\r\n\r\nAlgebra helps us understand relationships between quantities and predict future outcomes.\r\n\r\nLearning algebra develops logical thinking and problem-solving skills that are valuable in many careers.'),
(31, 16, 2, 'Simplifying Algebraic Expressions', 'Simplify expressions by combining like terms and applying mathematical rules.', 'Simplifying expressions means making them easier to understand and work with.\r\n\r\nAn algebraic expression contains variables, numbers, and operations.\r\n\r\nExample:\r\n\r\n3x + 2x\r\n\r\nBoth terms contain x, so they are called like terms.\r\n\r\n3x + 2x = 5x\r\n\r\nAnother example:\r\n\r\n4y + 7 - 2y + 3\r\n\r\nCombine like terms:\r\n\r\n4y - 2y = 2y\r\n7 + 3 = 10\r\n\r\nFinal answer:\r\n\r\n2y + 10\r\n\r\nLike terms must have the same variable and exponent.\r\n\r\nExamples of like terms:\r\n\r\n3x and 5x\r\n7y and 2y\r\n\r\nExamples of unlike terms:\r\n\r\n3x and 3y\r\n5x and 5x²\r\n\r\nSimplifying expressions is important because it makes calculations easier and reduces mistakes.\r\n\r\nReal-life example:\r\n\r\nA company sells pencils and pens.\r\n\r\nRevenue from pencils:\r\n2x\r\n\r\nRevenue from pens:\r\n3x\r\n\r\nTotal revenue:\r\n\r\n2x + 3x = 5x\r\n\r\nBusinesses often simplify expressions to analyze profits and expenses more efficiently.\r\n\r\nUnderstanding how to simplify expressions forms the foundation for solving equations and advanced algebra topics.'),
(32, 16, 3, 'Solving Linear Equations', 'Learn how to solve equations and find unknown values.', 'Solving equations means finding the value of a variable that makes the equation true.\r\n\r\nExample:\r\n\r\nx + 5 = 12\r\n\r\nTo find x, subtract 5 from both sides:\r\n\r\nx = 12 - 5\r\n\r\nx = 7\r\n\r\nCheck:\r\n\r\n7 + 5 = 12\r\n\r\nCorrect.\r\n\r\nAnother example:\r\n\r\n3x = 18\r\n\r\nDivide both sides by 3:\r\n\r\nx = 6\r\n\r\nLinear equations appear frequently in daily life.\r\n\r\nExample:\r\n\r\nA mobile phone company charges a monthly fee plus usage charges.\r\n\r\nMonthly bill:\r\n20 + x = 50\r\n\r\nTo find usage charges:\r\n\r\nx = 50 - 20\r\n\r\nx = 30\r\n\r\nAnother example:\r\n\r\nA student saves money each week.\r\n\r\n5x = 40\r\n\r\nHow many weeks are needed?\r\n\r\nx = 8\r\n\r\nThe student needs 8 weeks.\r\n\r\nSolving equations helps people:\r\n\r\n- Manage finances\r\n- Calculate budgets\r\n- Analyze business performance\r\n- Solve scientific problems\r\n\r\nThe goal is always to isolate the variable so its value can be determined accurately.\r\n\r\nLinear equations are one of the most important concepts in mathematics because they are used throughout education, engineering, science, and technology.'),
(33, 16, 4, 'Real-Life Applications of Algebra', 'Apply algebra to practical situations involving money, distance, and planning.', 'Algebra is used extensively in everyday life.\r\n\r\nOne common application is budgeting.\r\n\r\nSuppose a student receives 100 dollars each month and spends 15 dollars per week.\r\n\r\nMonthly savings:\r\n\r\n100 - 15x\r\n\r\nWhere x is the number of weeks.\r\n\r\nAnother application involves travel.\r\n\r\nDistance = Speed × Time\r\n\r\nIf a car travels at 60 kilometers per hour:\r\n\r\nDistance = 60t\r\n\r\nWhere t represents time.\r\n\r\nAfter 3 hours:\r\n\r\nDistance = 60 × 3 = 180 kilometers\r\n\r\nBusinesses use algebra to calculate profit.\r\n\r\nProfit = Revenue - Expenses\r\n\r\nExample:\r\n\r\nRevenue = 500 dollars\r\nExpenses = 350 dollars\r\n\r\nProfit = 150 dollars\r\n\r\nAlgebra is also used in computer programming.\r\n\r\nProgrammers use variables to store information and perform calculations.\r\n\r\nExample:\r\n\r\nscore = 85\r\n\r\nThe variable score stores the student result.\r\n\r\nScientists use algebra to analyze data and create mathematical models.\r\n\r\nEngineers use algebra to design structures and calculate measurements.\r\n\r\nAlgebra allows people to solve problems systematically and make informed decisions.\r\n\r\nBy understanding algebra, students gain skills that are useful not only in mathematics but also in business, technology, science, and everyday life.'),
(34, 17, 1, 'Points, Lines, and Angles', 'Learn the fundamental building blocks of geometry including points, lines, and angles.', 'Geometry begins with understanding points, lines, and angles. These concepts form the foundation of all geometric shapes and structures.\r\n\r\nA point represents an exact location in space. It has no size, length, width, or height. Points are usually represented by capital letters such as A, B, or C.\r\n\r\nA line is a straight path that extends infinitely in both directions. A line has length but no thickness.\r\n\r\nExamples of lines can be seen in roads, railway tracks, and the edges of buildings.\r\n\r\nA line segment is a part of a line with two endpoints.\r\n\r\nAn angle is formed when two rays meet at a common endpoint called the vertex.\r\n\r\nTypes of angles include:\r\n\r\n- Acute Angle: Less than 90 degrees\r\n- Right Angle: Exactly 90 degrees\r\n- Obtuse Angle: Greater than 90 degrees but less than 180 degrees\r\n- Straight Angle: Exactly 180 degrees\r\n\r\nReal-life examples of angles can be found in doors, clocks, scissors, and roof structures.\r\n\r\nArchitects and engineers use points, lines, and angles when designing buildings, bridges, and roads.\r\n\r\nUnderstanding these concepts helps students recognize geometric relationships and solve practical problems involving space and measurement.'),
(35, 17, 2, 'Understanding Basic Shapes', 'Explore common two-dimensional shapes and their properties.', 'Shapes are everywhere in daily life. Geometry helps us understand the characteristics of these shapes.\r\n\r\nCommon two-dimensional shapes include:\r\n\r\nTriangle:\r\nA shape with three sides and three angles.\r\n\r\nExamples:\r\nTraffic signs, roof frames, support structures.\r\n\r\nSquare:\r\nA shape with four equal sides and four right angles.\r\n\r\nExamples:\r\nFloor tiles, windows, chess boards.\r\n\r\nRectangle:\r\nA shape with opposite sides equal and four right angles.\r\n\r\nExamples:\r\nBooks, doors, computer screens.\r\n\r\nCircle:\r\nA perfectly round shape where all points are equally distant from the center.\r\n\r\nExamples:\r\nWheels, clocks, coins.\r\n\r\nPentagon:\r\nA shape with five sides.\r\n\r\nHexagon:\r\nA shape with six sides.\r\n\r\nExamples:\r\nHoneycombs in nature.\r\n\r\nEach shape has unique properties that help us identify and classify objects.\r\n\r\nBuilders use shape properties when constructing houses.\r\n\r\nDesigners use geometric shapes when creating logos and artwork.\r\n\r\nUnderstanding shapes improves spatial awareness and prepares students for more advanced geometry topics.'),
(36, 17, 3, 'Perimeter and Area', 'Learn how to measure the boundary and surface of shapes.', 'Perimeter and area are important measurements used in geometry.\r\n\r\nPerimeter is the total distance around a shape.\r\n\r\nExample:\r\n\r\nA rectangle has:\r\nLength = 8 meters\r\nWidth = 4 meters\r\n\r\nPerimeter = 8 + 8 + 4 + 4\r\nPerimeter = 24 meters\r\n\r\nArea measures the amount of space inside a shape.\r\n\r\nFor rectangles:\r\n\r\nArea = Length × Width\r\n\r\nArea = 8 × 4\r\nArea = 32 square meters\r\n\r\nReal-life applications include:\r\n\r\n- Measuring land\r\n- Installing flooring\r\n- Painting walls\r\n- Building fences\r\n\r\nExample:\r\n\r\nA farmer wants to build a fence around a rectangular field.\r\n\r\nLength = 50 meters\r\nWidth = 30 meters\r\n\r\nPerimeter = 160 meters\r\n\r\nThe farmer needs 160 meters of fencing.\r\n\r\nAnother example:\r\n\r\nA classroom floor measures 10 meters by 8 meters.\r\n\r\nArea = 80 square meters\r\n\r\nThe school can calculate how many tiles are needed to cover the floor.\r\n\r\nPerimeter and area are widely used in construction, architecture, agriculture, and interior design.\r\n\r\nUnderstanding these concepts helps students solve practical measurement problems in everyday life.'),
(37, 17, 4, 'Geometry in Everyday Life', 'Discover how geometry is used in real-world situations and professions.', 'Geometry is not only a school subject; it is a valuable tool used in many professions and everyday activities.\r\n\r\nArchitects use geometry to design buildings that are both attractive and structurally safe.\r\n\r\nEngineers use geometric principles when creating roads, bridges, and machines.\r\n\r\nInterior designers use geometry to arrange furniture and maximize space efficiency.\r\n\r\nArtists use shapes, symmetry, and proportions to create visually appealing designs.\r\n\r\nAthletes use geometry when calculating angles and distances during sports activities.\r\n\r\nExamples include:\r\n\r\n- A basketball player aiming for the hoop.\r\n- A football player calculating passing angles.\r\n- A golfer estimating shot direction.\r\n\r\nNavigation systems use geometry to determine locations and calculate routes.\r\n\r\nComputer graphics and video games rely heavily on geometric calculations to create realistic environments.\r\n\r\nGeometry also appears in nature:\r\n\r\n- Honeycomb structures\r\n- Snowflakes\r\n- Flower petals\r\n- Crystal formations\r\n\r\nUnderstanding geometry helps students develop logical thinking, problem-solving abilities, and spatial reasoning skills.\r\n\r\nThese skills are valuable in mathematics, science, engineering, technology, and many future careers.\r\n\r\nBy studying geometry, students gain a deeper understanding of the shapes, measurements, and patterns that exist all around them.'),
(38, 18, 1, 'Introduction to Statistics', 'Learn the basic concepts of statistics and why data is important.', 'Statistics is the branch of mathematics that focuses on collecting, organizing, analyzing, and interpreting data.\r\n\r\nData is information gathered from observations, surveys, experiments, or measurements. Every day people use data to make decisions.\r\n\r\nExamples of data include:\r\n\r\n- Student examination scores\r\n- Daily temperatures\r\n- Population numbers\r\n- Business sales records\r\n- Sports statistics\r\n\r\nStatistics helps us understand large amounts of information and identify patterns.\r\n\r\nFor example, a school principal may want to know how students performed in an examination. Instead of reviewing every individual score, statistics can summarize the results using averages and charts.\r\n\r\nThere are two main types of statistics:\r\n\r\n1. Descriptive Statistics\r\nThese summarize and describe data.\r\n\r\nExamples:\r\n- Average score of a class\r\n- Highest and lowest temperature of the week\r\n\r\n2. Inferential Statistics\r\nThese use sample data to make predictions about larger groups.\r\n\r\nExample:\r\nA survey of 500 voters may be used to predict election results.\r\n\r\nStatistics is used in many professions including:\r\n\r\n- Business\r\n- Medicine\r\n- Education\r\n- Government\r\n- Engineering\r\n- Sports\r\n\r\nWithout statistics, it would be difficult to understand trends, make predictions, and solve real-world problems.\r\n\r\nLearning statistics helps students become better decision-makers by understanding how information can be collected and interpreted effectively.'),
(39, 18, 2, 'Collecting and Organizing Data', 'Learn how data is gathered, classified, and organized for analysis.', 'Before data can be analyzed, it must first be collected and organized properly.\r\n\r\nData collection involves gathering information from different sources.\r\n\r\nCommon methods include:\r\n\r\n- Surveys\r\n- Interviews\r\n- Questionnaires\r\n- Observations\r\n- Experiments\r\n\r\nExample:\r\n\r\nA teacher wants to know students favorite subjects.\r\n\r\nThe teacher asks 50 students to complete a survey.\r\n\r\nThe responses become the collected data.\r\n\r\nThere are two major types of data:\r\n\r\nQualitative Data:\r\nDescribes qualities or categories.\r\n\r\nExamples:\r\n- Favorite color\r\n- Gender\r\n- Type of transportation\r\n\r\nQuantitative Data:\r\nRepresents numerical values.\r\n\r\nExamples:\r\n- Age\r\n- Height\r\n- Test scores\r\n\r\nAfter collecting data, it must be organized.\r\n\r\nCommon methods include:\r\n\r\n- Tables\r\n- Frequency charts\r\n- Lists\r\n- Databases\r\n\r\nExample:\r\n\r\nExam Scores:\r\n\r\n70, 75, 80, 85, 90\r\n\r\nThese scores can be arranged from lowest to highest for easier analysis.\r\n\r\nBusinesses organize customer information to improve services.\r\n\r\nHospitals organize patient records to monitor health conditions.\r\n\r\nGovernments organize census data to understand population changes.\r\n\r\nGood data organization helps reduce errors and makes future analysis easier and more accurate.'),
(40, 18, 3, 'Measures of Central Tendency', 'Learn about mean, median, and mode and how they summarize data.', 'Measures of central tendency are statistical tools used to identify the center of a dataset.\r\n\r\nThe three main measures are:\r\n\r\n1. Mean\r\n\r\nThe mean is the average value.\r\n\r\nFormula:\r\n\r\nMean = Sum of Values ÷ Number of Values\r\n\r\nExample:\r\n\r\nScores:\r\n70, 80, 90\r\n\r\nMean = (70 + 80 + 90) ÷ 3\r\n\r\nMean = 80\r\n\r\n2. Median\r\n\r\nThe median is the middle value when data is arranged in order.\r\n\r\nExample:\r\n\r\n65, 70, 75, 80, 90\r\n\r\nMedian = 75\r\n\r\n3. Mode\r\n\r\nThe mode is the value that appears most frequently.\r\n\r\nExample:\r\n\r\n70, 75, 75, 80, 90\r\n\r\nMode = 75\r\n\r\nThese measures help summarize large amounts of information quickly.\r\n\r\nReal-life applications include:\r\n\r\n- Average student grades\r\n- Average monthly income\r\n- Average temperatures\r\n- Sports performance statistics\r\n\r\nBusinesses use averages to evaluate sales performance.\r\n\r\nSchools use averages to assess student achievement.\r\n\r\nHealthcare professionals use averages to analyze patient health trends.\r\n\r\nUnderstanding mean, median, and mode allows students to interpret data more effectively and draw meaningful conclusions.'),
(41, 18, 4, 'Graphs, Charts, and Data Interpretation', 'Learn how visual representations help analyze and communicate data.', 'Graphs and charts make data easier to understand.\r\n\r\nInstead of reading long tables of numbers, people can quickly identify patterns using visual displays.\r\n\r\nCommon types of graphs include:\r\n\r\nBar Charts\r\n\r\nUsed to compare categories.\r\n\r\nExample:\r\n\r\nFavorite Subjects:\r\n\r\nMath = 20 students\r\nScience = 15 students\r\nEnglish = 10 students\r\n\r\nLine Graphs\r\n\r\nUsed to show changes over time.\r\n\r\nExample:\r\n\r\nMonthly sales of a business throughout a year.\r\n\r\nPie Charts\r\n\r\nUsed to show proportions of a whole.\r\n\r\nExample:\r\n\r\nPercentage of students participating in different sports.\r\n\r\nHistograms\r\n\r\nUsed to display frequency distributions of numerical data.\r\n\r\nData interpretation involves analyzing graphs and drawing conclusions.\r\n\r\nExample:\r\n\r\nIf a line graph shows increasing sales each month, a business may conclude that demand for its products is growing.\r\n\r\nGovernments use charts to track population growth.\r\n\r\nScientists use graphs to present research findings.\r\n\r\nBusinesses use dashboards to monitor performance.\r\n\r\nSports teams use statistics and charts to evaluate player performance.\r\n\r\nVisualizing data helps people make informed decisions and communicate information effectively.\r\n\r\nLearning to read and create graphs is an essential skill for students because data is increasingly important in modern society and many professional careers.'),
(42, 19, 1, 'Understanding Change and Rates of Change', 'Learn the fundamental idea behind calculus and how it helps measure change.', 'Calculus is a branch of mathematics that studies change. It helps us understand how quantities increase, decrease, and vary over time.\r\n\r\nIn everyday life, change occurs constantly. A car accelerates, temperatures rise and fall, bank account balances change, and populations grow. Calculus provides tools to analyze these changes.\r\n\r\nOne of the most important ideas in calculus is the rate of change. The rate of change describes how quickly one quantity changes compared to another.\r\n\r\nFor example:\r\n\r\nA car travels 120 kilometers in 2 hours.\r\n\r\nRate of Change = Distance ÷ Time\r\n\r\nRate = 120 ÷ 2\r\n\r\nRate = 60 kilometers per hour\r\n\r\nThis tells us how quickly the car is moving.\r\n\r\nRates of change are used in many fields:\r\n\r\n- Physics to measure speed and acceleration\r\n- Economics to study profit growth\r\n- Biology to examine population growth\r\n- Engineering to design machines\r\n- Environmental science to monitor climate changes\r\n\r\nImagine a company whose sales increase from 100 products to 150 products in one month.\r\n\r\nThe change in sales is:\r\n\r\n150 - 100 = 50 products\r\n\r\nBusinesses use such calculations to evaluate performance and make decisions.\r\n\r\nCalculus allows us to study not only changes that happen over long periods but also changes occurring at every moment.\r\n\r\nUnderstanding change is the first step toward learning derivatives and advanced calculus concepts.');
INSERT INTO `lessons` (`id`, `course_id`, `lesson_order`, `lesson_title`, `description`, `content`) VALUES
(43, 19, 2, 'Functions and Graphs', 'Learn how functions describe relationships between variables.', 'Functions are one of the most important concepts in calculus.\r\n\r\nA function describes a relationship between two quantities.\r\n\r\nFor example:\r\n\r\ny = 2x\r\n\r\nThis means that whenever x changes, y changes as well.\r\n\r\nIf x = 1, then y = 2.\r\n\r\nIf x = 5, then y = 10.\r\n\r\nFunctions help us model real-world situations.\r\n\r\nExample:\r\n\r\nA taxi company charges:\r\n\r\nCost = 5 + 2x\r\n\r\nWhere:\r\n\r\n5 = starting fee\r\nx = kilometers traveled\r\n\r\nAs the distance increases, the total cost increases.\r\n\r\nFunctions can be represented using tables, equations, and graphs.\r\n\r\nGraphs provide a visual representation of how variables interact.\r\n\r\nFor example:\r\n\r\nA straight line graph often represents a constant rate of change.\r\n\r\nCurved graphs may represent growth, decay, or acceleration.\r\n\r\nApplications of functions include:\r\n\r\n- Predicting business revenue\r\n- Modeling population growth\r\n- Calculating travel distances\r\n- Monitoring investments\r\n\r\nEngineers use functions when designing structures.\r\n\r\nScientists use functions when studying natural phenomena.\r\n\r\nComputer programmers use functions to solve complex problems.\r\n\r\nUnderstanding functions prepares students for derivatives and other calculus techniques that analyze how relationships change over time.'),
(44, 19, 3, 'Introduction to Derivatives', 'Learn how derivatives measure instantaneous rates of change.', 'A derivative is one of the most important concepts in calculus.\r\n\r\nA derivative measures how quickly a quantity changes at a specific moment.\r\n\r\nFor example:\r\n\r\nA cars speedometer shows its speed at a particular instant.\r\n\r\nThis instantaneous speed is closely related to the concept of derivatives.\r\n\r\nSuppose a car is accelerating.\r\n\r\nAt one moment it travels:\r\n\r\n50 kilometers per hour\r\n\r\nA few seconds later:\r\n\r\n60 kilometers per hour\r\n\r\nThe derivative helps determine exactly how quickly the speed is changing at each moment.\r\n\r\nDerivatives are used in many real-world applications.\r\n\r\nExamples include:\r\n\r\n- Measuring acceleration in vehicles\r\n- Predicting business growth\r\n- Optimizing manufacturing processes\r\n- Analyzing stock market trends\r\n- Studying population changes\r\n\r\nIn economics, a derivative can show how profit changes when production increases.\r\n\r\nIn medicine, derivatives help monitor changes in heart rates and biological processes.\r\n\r\nIn engineering, derivatives help determine stress and movement in structures.\r\n\r\nAlthough derivative calculations can become complex, the main idea is simple:\r\n\r\nA derivative measures the rate at which something changes at a particular instant.\r\n\r\nUnderstanding derivatives allows students to analyze dynamic systems and make accurate predictions.'),
(45, 19, 4, 'Real-Life Applications of Calculus', 'Explore how calculus is used in science, technology, business, and everyday life.', 'Calculus plays an essential role in modern society.\r\n\r\nMany technologies and industries depend on calculus to solve practical problems.\r\n\r\nEngineers use calculus to design bridges, airplanes, and machines.\r\n\r\nScientists use calculus to model weather systems, planetary motion, and chemical reactions.\r\n\r\nEconomists use calculus to maximize profits and minimize costs.\r\n\r\nBusinesses use calculus to forecast growth and optimize operations.\r\n\r\nExample:\r\n\r\nA company wants to determine the production level that generates the highest profit.\r\n\r\nCalculus helps identify the optimal point where profit is maximized.\r\n\r\nIn medicine, calculus is used to:\r\n\r\n- Analyze blood flow\r\n- Study disease spread\r\n- Model drug absorption rates\r\n\r\nIn environmental science, calculus helps researchers understand climate patterns and pollution changes.\r\n\r\nTechnology companies use calculus in:\r\n\r\n- Artificial Intelligence\r\n- Computer graphics\r\n- Machine learning\r\n- Data analysis\r\n\r\nGPS navigation systems use mathematical models involving calculus to determine routes and locations.\r\n\r\nEven activities such as sports involve calculus.\r\n\r\nAthletes and coaches analyze motion, speed, and performance using principles related to rates of change.\r\n\r\nCalculus is often called the mathematics of change because it helps us understand and predict how the world works.\r\n\r\nBy learning calculus, students develop advanced problem-solving skills that are valuable in science, engineering, technology, business, and many future careers.'),
(46, 20, 1, 'What is Science?', 'Learn the meaning of science and its importance in everyday life.', 'Science is the systematic study of the natural world through observation, experimentation, and evidence. Scientists seek to understand how things work by asking questions and investigating possible answers.\r\n\r\nScience affects almost every aspect of daily life. When we use a smartphone, travel in a vehicle, take medicine, or watch weather forecasts, we are benefiting from scientific discoveries.\r\n\r\nThe word science comes from the Latin word scientia, which means knowledge. Science helps people understand the universe and solve practical problems.\r\n\r\nThere are several major branches of science:\r\n\r\n- Physics: The study of matter, energy, and motion.\r\n- Chemistry: The study of substances and how they interact.\r\n- Biology: The study of living organisms.\r\n- Earth Science: The study of Earth and its environment.\r\n- Astronomy: The study of space and celestial objects.\r\n\r\nScience is based on evidence rather than opinions. Scientists collect information through careful observation and testing.\r\n\r\nFor example, if a scientist wants to know whether plants grow better in sunlight or shade, they can conduct an experiment and compare results.\r\n\r\nScience helps society by:\r\n\r\n- Improving healthcare\r\n- Developing technology\r\n- Protecting the environment\r\n- Enhancing transportation\r\n- Increasing agricultural productivity\r\n\r\nBy studying science, students develop critical thinking skills and learn how to make informed decisions based on facts and evidence.'),
(47, 20, 2, 'The Scientific Method', 'Understand how scientists investigate questions and solve problems.', 'The scientific method is a process used by scientists to investigate questions and discover new knowledge.\r\n\r\nThe steps of the scientific method include:\r\n\r\n1. Observation\r\nNotice something interesting or unusual.\r\n\r\nExample:\r\nA student notices that one plant grows faster than another.\r\n\r\n2. Question\r\nAsk a question about the observation.\r\n\r\nExample:\r\nWhy is one plant growing faster?\r\n\r\n3. Hypothesis\r\nMake an educated prediction.\r\n\r\nExample:\r\nThe plant receiving more sunlight grows faster.\r\n\r\n4. Experiment\r\nConduct a test to investigate the hypothesis.\r\n\r\nExample:\r\nPlace one plant in sunlight and another in shade.\r\n\r\n5. Collect Data\r\nRecord observations and measurements.\r\n\r\nExample:\r\nMeasure plant height each week.\r\n\r\n6. Analyze Results\r\nCompare data and identify patterns.\r\n\r\n7. Conclusion\r\nDetermine whether the hypothesis was supported.\r\n\r\nThe scientific method is used worldwide in laboratories, hospitals, research centers, and industries.\r\n\r\nReal-life examples include:\r\n\r\n- Testing new medicines\r\n- Developing safer vehicles\r\n- Improving farming methods\r\n- Creating new technologies\r\n\r\nUsing the scientific method helps ensure that conclusions are based on evidence rather than guesses.\r\n\r\nStudents who understand the scientific method become better problem-solvers and critical thinkers.'),
(48, 20, 3, 'Matter and Its Properties', 'Learn about matter, its states, and how it behaves.', 'Matter is anything that has mass and occupies space. Everything around us is made of matter.\r\n\r\nExamples include:\r\n\r\n- Water\r\n- Air\r\n- Books\r\n- Animals\r\n- Buildings\r\n\r\nMatter exists in different states.\r\n\r\n1. Solid\r\n\r\nSolids have a fixed shape and volume.\r\n\r\nExamples:\r\n- Ice\r\n- Wood\r\n- Metal\r\n\r\n2. Liquid\r\n\r\nLiquids have a fixed volume but take the shape of their container.\r\n\r\nExamples:\r\n- Water\r\n- Milk\r\n- Juice\r\n\r\n3. Gas\r\n\r\nGases have neither a fixed shape nor a fixed volume.\r\n\r\nExamples:\r\n- Oxygen\r\n- Carbon dioxide\r\n- Water vapor\r\n\r\nMatter has several important properties:\r\n\r\nPhysical Properties:\r\n- Color\r\n- Density\r\n- Mass\r\n- Volume\r\n- Temperature\r\n\r\nChemical Properties:\r\n- Flammability\r\n- Reactivity\r\n\r\nChanges in matter can be physical or chemical.\r\n\r\nPhysical Change:\r\nIce melting into water.\r\n\r\nChemical Change:\r\nWood burning into ash.\r\n\r\nUnderstanding matter helps scientists develop new materials, medicines, and technologies.\r\n\r\nEngineers use knowledge of matter to build structures.\r\n\r\nChemists study matter to create useful products.\r\n\r\nUnderstanding matter provides a foundation for learning chemistry and other scientific disciplines.'),
(49, 20, 4, 'Science in Everyday Life', 'Discover how science influences daily activities and modern society.', 'Science is present in nearly everything people do every day.\r\n\r\nWhen people cook food, they use chemistry.\r\n\r\nWhen they ride bicycles, they experience physics.\r\n\r\nWhen they take medicine, they benefit from biology and medical science.\r\n\r\nExamples of science in daily life include:\r\n\r\nHealthcare:\r\nDoctors use scientific knowledge to diagnose and treat diseases.\r\n\r\nTransportation:\r\nCars, trains, airplanes, and ships rely on scientific principles.\r\n\r\nCommunication:\r\nMobile phones, computers, and the internet were developed through scientific research.\r\n\r\nAgriculture:\r\nFarmers use science to improve crop production and protect plants.\r\n\r\nWeather Forecasting:\r\nMeteorologists use scientific instruments and data to predict weather conditions.\r\n\r\nEnvironmental Protection:\r\nScientists study pollution and climate change to protect natural resources.\r\n\r\nScience also plays an important role in future innovations.\r\n\r\nEmerging fields include:\r\n\r\n- Artificial Intelligence\r\n- Renewable Energy\r\n- Space Exploration\r\n- Biotechnology\r\n- Robotics\r\n\r\nMany careers depend on science, including:\r\n\r\n- Doctors\r\n- Engineers\r\n- Scientists\r\n- Pharmacists\r\n- Environmental Specialists\r\n- Software Developers\r\n\r\nScience encourages curiosity and lifelong learning.\r\n\r\nBy understanding science, students gain the knowledge and skills needed to understand the world, solve problems, and contribute positively to society.'),
(50, 21, 1, 'Introduction to Physics', 'Learn what physics is and how it explains the world around us.', 'Physics is the branch of science that studies matter, energy, motion, and the forces that affect objects. It helps explain how the universe works, from the movement of tiny particles to the motion of planets.\r\n\r\nPhysics is present in everyday life. When you ride a bicycle, throw a ball, switch on a light, or use a mobile phone, physics is involved.\r\n\r\nThe main goal of physics is to understand natural phenomena and develop laws that describe how objects behave.\r\n\r\nMajor areas of physics include:\r\n\r\n- Mechanics\r\n- Thermodynamics\r\n- Electricity\r\n- Magnetism\r\n- Optics\r\n- Modern Physics\r\n\r\nPhysics helps engineers design buildings, vehicles, and machines.\r\n\r\nDoctors use physics in medical imaging technologies such as X-rays and MRI scanners.\r\n\r\nScientists use physics to explore space and understand the universe.\r\n\r\nExamples of physics in daily life include:\r\n\r\n- A moving car\r\n- A falling object\r\n- Sound from speakers\r\n- Heat from a stove\r\n- Light from a lamp\r\n\r\nPhysics teaches us how nature follows predictable patterns and laws.\r\n\r\nUnderstanding physics develops analytical thinking and problem-solving skills that are useful in science, technology, engineering, and everyday life.'),
(51, 21, 2, 'Motion and Speed', 'Understand how objects move and how speed is measured.', 'Motion occurs when an object changes its position over time.\r\n\r\nExamples include:\r\n\r\n- A person walking\r\n- A car driving\r\n- A bird flying\r\n- A football being kicked\r\n\r\nSpeed measures how fast an object moves.\r\n\r\nFormula:\r\n\r\nSpeed = Distance ÷ Time\r\n\r\nExample:\r\n\r\nA student walks 100 meters in 20 seconds.\r\n\r\nSpeed = 100 ÷ 20\r\n\r\nSpeed = 5 meters per second\r\n\r\nVelocity is similar to speed but includes direction.\r\n\r\nFor example:\r\n\r\nA car moving north at 60 km/h has both speed and direction.\r\n\r\nAcceleration describes how quickly velocity changes.\r\n\r\nExample:\r\n\r\nA car increases speed from 20 km/h to 40 km/h.\r\n\r\nThis increase represents acceleration.\r\n\r\nMotion is important in transportation, sports, engineering, and space exploration.\r\n\r\nAthletes use motion analysis to improve performance.\r\n\r\nEngineers study motion when designing vehicles and machines.\r\n\r\nUnderstanding motion helps explain many activities that occur every day.'),
(52, 21, 3, 'Forces and Newtons Laws of Motion', 'Learn how forces affect movement and understand Newtons laws.', 'Force is a push or pull that can change the motion of an object.\r\n\r\nExamples include:\r\n\r\n- Pushing a shopping cart\r\n- Pulling a door\r\n- Kicking a football\r\n\r\nThe unit of force is the Newton (N).\r\n\r\nSir Isaac Newton developed three important laws of motion.\r\n\r\nFirst Law:\r\n\r\nAn object remains at rest or continues moving unless acted upon by an external force.\r\n\r\nExample:\r\n\r\nA book on a table remains still until someone moves it.\r\n\r\nSecond Law:\r\n\r\nForce = Mass × Acceleration\r\n\r\nF = ma\r\n\r\nThis law explains that heavier objects require more force to move.\r\n\r\nExample:\r\n\r\nPushing a truck requires more force than pushing a bicycle.\r\n\r\nThird Law:\r\n\r\nFor every action, there is an equal and opposite reaction.\r\n\r\nExample:\r\n\r\nWhen a swimmer pushes water backward, the water pushes the swimmer forward.\r\n\r\nApplications of Newtons Laws include:\r\n\r\n- Vehicle design\r\n- Sports performance\r\n- Rocket launches\r\n- Construction projects\r\n\r\nUnderstanding forces helps explain how objects move and interact with one another.'),
(53, 21, 4, 'Energy and Work', 'Explore the concepts of energy, work, and their real-world applications.', 'Energy is the ability to do work.\r\n\r\nEverything we do requires energy.\r\n\r\nExamples include:\r\n\r\n- Walking\r\n- Running\r\n- Driving\r\n- Using electrical appliances\r\n\r\nWork occurs when a force causes an object to move.\r\n\r\nFormula:\r\n\r\nWork = Force × Distance\r\n\r\nExample:\r\n\r\nA person pushes a box 5 meters using a force of 20 Newtons.\r\n\r\nWork = 20 × 5\r\n\r\nWork = 100 Joules\r\n\r\nThere are several forms of energy:\r\n\r\nKinetic Energy:\r\nEnergy of motion.\r\n\r\nExample:\r\nA moving bicycle.\r\n\r\nPotential Energy:\r\nStored energy.\r\n\r\nExample:\r\nWater behind a dam.\r\n\r\nThermal Energy:\r\nHeat energy.\r\n\r\nExample:\r\nBoiling water.\r\n\r\nElectrical Energy:\r\nEnergy carried by electric currents.\r\n\r\nExample:\r\nPowering a computer.\r\n\r\nChemical Energy:\r\nStored in food and fuels.\r\n\r\nExample:\r\nEnergy from gasoline.\r\n\r\nEnergy cannot be created or destroyed.\r\n\r\nThis principle is called the Law of Conservation of Energy.\r\n\r\nEnergy can only change from one form to another.\r\n\r\nFor example:\r\n\r\nA light bulb converts electrical energy into light and heat energy.\r\n\r\nUnderstanding energy helps scientists and engineers create efficient technologies and solve real-world problems involving power, transportation, and sustainability.'),
(54, 22, 1, 'Introduction to Chemistry', 'Learn what chemistry is and how it affects everyday life.', 'Chemistry is the branch of science that studies matter, its properties, composition, and the changes it undergoes. Everything around us is made of matter, including air, water, food, plants, animals, and even our own bodies.\r\n\r\nChemistry helps explain how substances interact with one another. It allows scientists to develop medicines, create new materials, improve food production, and protect the environment.\r\n\r\nChemistry is often called the central science because it connects physics, biology, environmental science, and medicine.\r\n\r\nExamples of chemistry in daily life include:\r\n\r\n- Cooking food\r\n- Cleaning clothes\r\n- Using soap and shampoo\r\n- Taking medicine\r\n- Charging a battery\r\n- Burning fuel in vehicles\r\n\r\nChemists work in many industries including:\r\n\r\n- Healthcare\r\n- Agriculture\r\n- Manufacturing\r\n- Environmental Protection\r\n- Food Production\r\n\r\nFor example, when baking a cake, ingredients such as flour, eggs, sugar, and baking powder react chemically to produce a soft and delicious cake.\r\n\r\nWithout chemistry, many modern conveniences such as plastics, medicines, fertilizers, and electronics would not exist.\r\n\r\nUnderstanding chemistry helps students understand the materials and processes that shape everyday life.'),
(55, 22, 2, 'Atoms and Elements', 'Understand the basic building blocks of matter.', 'Everything in the universe is made up of tiny particles called atoms.\r\n\r\nAtoms are the smallest units of matter that retain the properties of an element.\r\n\r\nAn atom consists of three main particles:\r\n\r\nProtons:\r\nPositively charged particles found in the nucleus.\r\n\r\nNeutrons:\r\nNeutral particles found in the nucleus.\r\n\r\nElectrons:\r\nNegatively charged particles that move around the nucleus.\r\n\r\nElements are pure substances made of only one type of atom.\r\n\r\nExamples include:\r\n\r\n- Hydrogen\r\n- Oxygen\r\n- Carbon\r\n- Iron\r\n- Gold\r\n\r\nScientists organize elements in the Periodic Table.\r\n\r\nThe Periodic Table helps scientists understand the properties of different elements and how they interact.\r\n\r\nExamples of elements in daily life:\r\n\r\nOxygen:\r\nEssential for breathing.\r\n\r\nIron:\r\nUsed in construction and manufacturing.\r\n\r\nCarbon:\r\nFound in living organisms and fuels.\r\n\r\nGold:\r\nUsed in jewelry and electronics.\r\n\r\nAtoms combine to form molecules.\r\n\r\nFor example:\r\n\r\nTwo hydrogen atoms and one oxygen atom form a water molecule (H2O).\r\n\r\nUnderstanding atoms and elements is important because they form the foundation of all chemical reactions and materials.'),
(56, 22, 3, 'States of Matter and Physical Changes', 'Learn about solids, liquids, gases, and how matter changes.', 'Matter exists in different states depending on temperature and pressure.\r\n\r\nThe three main states of matter are:\r\n\r\nSolid:\r\nHas a fixed shape and volume.\r\n\r\nExamples:\r\n- Ice\r\n- Wood\r\n- Metal\r\n\r\nLiquid:\r\nHas a fixed volume but takes the shape of its container.\r\n\r\nExamples:\r\n- Water\r\n- Milk\r\n- Juice\r\n\r\nGas:\r\nHas no fixed shape or volume.\r\n\r\nExamples:\r\n- Oxygen\r\n- Carbon Dioxide\r\n- Steam\r\n\r\nMatter can change from one state to another.\r\n\r\nExamples include:\r\n\r\nMelting:\r\nIce changes into water.\r\n\r\nFreezing:\r\nWater changes into ice.\r\n\r\nEvaporation:\r\nWater changes into vapor.\r\n\r\nCondensation:\r\nWater vapor changes into liquid water.\r\n\r\nThese are called physical changes because the substance remains the same.\r\n\r\nFor example:\r\n\r\nIce and water are both made of H2O molecules.\r\n\r\nUnderstanding states of matter helps explain many natural processes including weather, cooking, refrigeration, and industrial manufacturing.\r\n\r\nScientists and engineers use this knowledge to develop technologies that improve daily life.'),
(57, 22, 4, 'Chemical Reactions in Everyday Life', 'Explore how chemical reactions occur and why they are important.', 'A chemical reaction occurs when substances change into new substances with different properties.\r\n\r\nChemical reactions happen everywhere around us.\r\n\r\nExamples include:\r\n\r\n- Burning wood\r\n- Cooking food\r\n- Rusting iron\r\n- Digesting food\r\n- Battery operation\r\n\r\nSigns of a chemical reaction include:\r\n\r\n- Color change\r\n- Temperature change\r\n- Gas production\r\n- Formation of a solid\r\n- Light production\r\n\r\nExample:\r\n\r\nWhen wood burns, it reacts with oxygen to produce heat, light, carbon dioxide, and ash.\r\n\r\nAnother example:\r\n\r\nWhen food is digested, chemical reactions break down nutrients that provide energy for the body.\r\n\r\nChemical reactions are essential in:\r\n\r\nMedicine:\r\nProducing drugs and vaccines.\r\n\r\nAgriculture:\r\nCreating fertilizers that help crops grow.\r\n\r\nManufacturing:\r\nProducing plastics, metals, and chemicals.\r\n\r\nEnvironmental Science:\r\nTreating water and reducing pollution.\r\n\r\nA simple reaction that many students know is mixing vinegar and baking soda.\r\n\r\nThis reaction produces carbon dioxide gas, causing bubbles to form.\r\n\r\nChemical reactions allow scientists and engineers to create products that improve health, transportation, communication, and quality of life.\r\n\r\nUnderstanding chemical reactions helps students appreciate how chemistry influences the world around them.'),
(58, 23, 1, 'Introduction to Living Things', 'Learn what makes organisms living things and their basic characteristics.', 'Biology is the scientific study of life and living organisms. Every living thing, from tiny bacteria to giant whales, shares certain characteristics. Living things are made of cells, use energy, grow, reproduce, respond to their environment, and maintain internal balance through a process called homeostasis.\r\n\r\nCells are considered the basic unit of life. Some organisms consist of only one cell, while others are made of trillions of cells working together. For example, bacteria are single-celled organisms, whereas humans are multicellular organisms with specialized cells performing different functions.\r\n\r\nLiving organisms require energy to survive. Plants obtain energy from sunlight through photosynthesis, while animals consume food to obtain energy. This energy powers activities such as movement, growth, and repair.\r\n\r\nGrowth and development are also important characteristics of life. A seed grows into a plant, and a baby develops into an adult. These processes are controlled by genetic information contained within DNA.\r\n\r\nBiology helps us understand the natural world and solve real-life problems. Doctors use biology to treat diseases, farmers use biology to improve crop production, and environmental scientists use biology to protect ecosystems and wildlife.'),
(59, 23, 2, 'Cells and Their Functions', 'Understand the structure and function of cells in living organisms.', 'Cells are often called the building blocks of life because every living organism is made of cells. Cells perform essential functions that keep organisms alive and healthy.\r\n\r\nThere are two main types of cells: prokaryotic cells and eukaryotic cells. Prokaryotic cells, such as bacteria, are simple and lack a nucleus. Eukaryotic cells, found in plants, animals, and fungi, contain a nucleus and other specialized structures called organelles.\r\n\r\nThe nucleus acts as the control center of the cell. It contains DNA, which carries genetic instructions. The cell membrane surrounds the cell and controls what enters and leaves. The cytoplasm is a jelly-like substance where many cellular activities occur.\r\n\r\nOther important organelles include mitochondria, which produce energy for the cell, and ribosomes, which create proteins. Plant cells also contain chloroplasts that perform photosynthesis and a rigid cell wall that provides support.\r\n\r\nCells work together to form tissues, tissues form organs, and organs form organ systems. For example, muscle cells form muscle tissue, which helps move the body. Understanding cells helps scientists develop medicines, diagnose diseases, and improve healthcare.'),
(60, 23, 3, 'Human Body Systems', 'Explore the major systems that keep the human body functioning.', 'The human body consists of several organ systems that work together to maintain life. Each system has specific functions but depends on the others for overall health and survival.\r\n\r\nThe circulatory system transports oxygen, nutrients, and waste products throughout the body. The heart pumps blood through a network of blood vessels. Without circulation, cells would not receive the materials they need.\r\n\r\nThe respiratory system allows the body to obtain oxygen and remove carbon dioxide. Air enters through the nose and mouth, travels to the lungs, and oxygen moves into the bloodstream.\r\n\r\nThe digestive system breaks down food into nutrients that the body can absorb and use. Organs such as the stomach and intestines play key roles in digestion.\r\n\r\nThe nervous system controls body activities through the brain, spinal cord, and nerves. It allows people to think, feel, move, and respond to their surroundings.\r\n\r\nThe skeletal and muscular systems provide support, protection, and movement. Bones protect vital organs while muscles enable physical activity. Maintaining healthy body systems through proper nutrition, exercise, and rest is important for overall well-being.'),
(61, 23, 4, 'Ecosystems and Food Chains', 'Learn how living organisms interact within ecosystems.', 'An ecosystem consists of living organisms and the non-living environment interacting together. Examples include forests, oceans, deserts, and grasslands. Every organism plays a role in maintaining ecological balance.\r\n\r\nPlants are known as producers because they create their own food using sunlight through photosynthesis. Animals are consumers because they obtain energy by eating plants or other animals. Decomposers such as fungi and bacteria break down dead organisms and recycle nutrients back into the environment.\r\n\r\nA food chain shows how energy moves from one organism to another. For example, grass is eaten by a rabbit, and the rabbit may be eaten by a fox. Energy flows through each level of the food chain.\r\n\r\nFood webs are more complex than food chains because most organisms have multiple food sources. This interconnectedness helps ecosystems remain stable even when environmental changes occur.\r\n\r\nHuman activities such as pollution, deforestation, and climate change can disrupt ecosystems. Conservation efforts help protect habitats and preserve biodiversity. Understanding ecosystems helps people make informed decisions that support environmental sustainability and the health of future generations.'),
(62, 24, 1, 'Introduction to Environmental Science', 'Learn the fundamentals of environmental science and why it matters.', 'Environmental Science is the study of the natural environment and the interactions between humans and nature. It combines knowledge from biology, chemistry, physics, geography, and ecology to understand environmental problems and find solutions.\r\n\r\nEvery day, people depend on the environment for resources such as clean air, fresh water, food, and raw materials. Environmental science helps us understand how these resources are produced and how they can be protected for future generations.\r\n\r\nHuman activities have a significant impact on the environment. Industrial development, transportation, agriculture, and urban growth can affect ecosystems and natural resources. Scientists study these impacts to reduce environmental damage and promote sustainability.\r\n\r\nEnvironmental science also focuses on solving global challenges such as pollution, climate change, deforestation, and biodiversity loss. Governments, organizations, and communities work together to address these issues through environmental policies and conservation programs.\r\n\r\nIn daily life, individuals can contribute to environmental protection by reducing waste, conserving water, saving energy, and supporting sustainable practices. Understanding environmental science helps people make informed decisions that benefit both society and nature.'),
(63, 24, 2, 'Natural Resources and Conservation', 'Explore the importance of natural resources and methods of conservation.', 'Natural resources are materials and substances that occur naturally in the environment and are used by humans. Examples include water, soil, forests, minerals, sunlight, and fossil fuels.\r\n\r\nResources can be classified as renewable or non-renewable. Renewable resources, such as sunlight and wind energy, can be replenished naturally over time. Non-renewable resources, such as coal, oil, and natural gas, are limited and may eventually be exhausted.\r\n\r\nConservation involves protecting and managing natural resources to ensure their availability for future generations. Effective conservation practices help reduce waste and prevent environmental degradation.\r\n\r\nForests provide oxygen, absorb carbon dioxide, and support biodiversity. Protecting forests through sustainable forestry and reforestation helps maintain healthy ecosystems. Water conservation is equally important because clean freshwater supplies are limited in many regions.\r\n\r\nGovernments and environmental organizations promote conservation through laws, protected areas, recycling programs, and public education. Individuals can support conservation by reducing resource consumption, recycling materials, and using energy-efficient technologies.'),
(64, 24, 3, 'Pollution and Environmental Problems', 'Understand different types of pollution and their effects on the environment.', 'Pollution occurs when harmful substances enter the environment and negatively affect living organisms and ecosystems. Pollution can take many forms, including air pollution, water pollution, soil pollution, and noise pollution.\r\n\r\nAir pollution is caused by emissions from vehicles, factories, and power plants. Pollutants such as carbon monoxide, sulfur dioxide, and particulate matter can harm human health and contribute to climate change.\r\n\r\nWater pollution occurs when chemicals, waste, or harmful substances contaminate rivers, lakes, and oceans. Polluted water can damage aquatic ecosystems and make water unsafe for human use.\r\n\r\nSoil pollution results from improper waste disposal, pesticide use, and industrial activities. Contaminated soil can affect plant growth and enter the food chain, posing risks to human health.\r\n\r\nEnvironmental problems caused by pollution include loss of biodiversity, habitat destruction, health issues, and ecosystem imbalance. Solutions include stricter environmental regulations, cleaner technologies, waste management systems, and public awareness campaigns.'),
(65, 24, 4, 'Climate Change and Sustainable Living', 'Learn about climate change and how sustainable living can help protect the planet.', 'Climate change refers to long-term changes in Earths climate patterns, primarily caused by increased greenhouse gas emissions. Human activities such as burning fossil fuels, deforestation, and industrial production contribute significantly to global warming.\r\n\r\nGreenhouse gases trap heat in the atmosphere, causing average global temperatures to rise. As temperatures increase, glaciers melt, sea levels rise, and weather patterns become more extreme. These changes can affect agriculture, ecosystems, and human communities.\r\n\r\nScientists monitor climate change using temperature records, satellite observations, and environmental studies. Their findings help governments and organizations develop strategies to reduce emissions and adapt to environmental changes.\r\n\r\nSustainable living involves making choices that reduce environmental impact and preserve resources for future generations. Examples include using renewable energy, reducing waste, recycling materials, conserving water, and choosing environmentally friendly products.\r\n\r\nCommunities around the world are adopting sustainable practices to address climate change. By understanding climate science and practicing sustainability, individuals can play an important role in creating a healthier and more environmentally responsible future.'),
(136, 34, 1, 'Advanced Reading Comprehension', 'Learn techniques for understanding complex texts.', 'INTRODUCTION\r\n\r\nReading comprehension is the ability to understand, analyze, and interpret written texts. It is one of the most important language skills because it allows students to learn new information, evaluate ideas, and communicate effectively.\r\n\r\nKEY CONCEPTS\r\n\r\n1. Main Idea\r\nThe main idea is the central message that the author wants to communicate. Every paragraph usually contains one main idea supported by details.\r\n\r\n2. Supporting Details\r\nSupporting details provide evidence, examples, explanations, or facts that strengthen the main idea.\r\n\r\n3. Author Purpose\r\nAuthors write texts to inform, persuade, entertain, or explain. Identifying the purpose helps readers better understand the message.\r\n\r\nEXAMPLE\r\n\r\nPassage:\r\n\'Regular exercise improves physical health and reduces stress. People who exercise regularly often experience better sleep and increased energy levels.\'\r\n\r\nMain Idea:\r\nRegular exercise provides health benefits.\r\n\r\nSupporting Details:\r\n- Reduces stress\r\n- Improves sleep\r\n- Increases energy\r\n\r\nREAL-WORLD APPLICATION\r\n\r\nStudents use reading comprehension when studying textbooks, reading news articles, researching information online, and preparing for examinations. Strong comprehension skills also help individuals make informed decisions in everyday life.\r\n\r\nSUMMARY\r\n\r\nEffective readers identify main ideas, supporting details, and author purpose. These skills improve academic performance and enable lifelong learning.'),
(137, 34, 2, 'Academic Essay Writing', 'Learn how to write clear and effective academic essays.', 'INTRODUCTION\r\n\r\nAcademic essay writing is an important skill for students preparing for higher education. Essays allow students to express ideas, present arguments, and support opinions using evidence and logical reasoning.\r\n\r\nKEY CONCEPTS\r\n\r\n1. Introduction\r\nThe introduction presents the topic and includes a thesis statement that explains the main argument of the essay.\r\n\r\n2. Body Paragraphs\r\nEach body paragraph should focus on one main idea supported by examples, facts, or evidence.\r\n\r\n3. Conclusion\r\nThe conclusion summarizes the main points and reinforces the thesis statement.\r\n\r\nEXAMPLE\r\n\r\nEssay Topic:\r\nThe Importance of Education\r\n\r\nIntroduction:\r\nEducation plays a vital role in personal and national development. It provides individuals with knowledge, skills, and opportunities for future success.\r\n\r\nBody Paragraph:\r\nEducation improves critical thinking skills and prepares students for professional careers. It also helps people make informed decisions in everyday life.\r\n\r\nConclusion:\r\nIn conclusion, education is essential for personal growth and societal progress.\r\n\r\nREAL-WORLD APPLICATION\r\n\r\nStudents use essay writing skills in examinations, university assignments, scholarship applications, and professional reports.\r\n\r\nSUMMARY\r\n\r\nA strong essay contains a clear introduction, organized body paragraphs, and a meaningful conclusion.'),
(138, 34, 3, 'Vocabulary Development and Context Clues', 'Expand vocabulary through effective learning strategies.', 'INTRODUCTION\r\n\r\nVocabulary is the collection of words a person understands and uses. A strong vocabulary improves reading comprehension, writing quality, and communication skills.\r\n\r\nKEY CONCEPTS\r\n\r\n1. Context Clues\r\nContext clues are hints within a sentence that help readers understand unfamiliar words.\r\n\r\n2. Synonyms\r\nSynonyms are words with similar meanings.\r\n\r\n3. Antonyms\r\nAntonyms are words with opposite meanings.\r\n\r\nEXAMPLE\r\n\r\nSentence:\r\nThe scientist was meticulous and checked every detail carefully.\r\n\r\nContext Clue:\r\nThe phrase \"checked every detail carefully\" suggests that meticulous means careful and precise.\r\n\r\nVocabulary Examples:\r\nHappy = Joyful\r\nLarge = Huge\r\nAncient = Modern (antonym)\r\n\r\nREAL-WORLD APPLICATION\r\n\r\nPeople use vocabulary skills when reading books, understanding news articles, participating in discussions, and communicating professionally.\r\n\r\nSUMMARY\r\n\r\nLearning new words through context clues, synonyms, and antonyms helps students become more confident readers and writers.'),
(139, 34, 4, 'Critical Analysis of Literature', 'Learn how to analyze literary works effectively.', 'INTRODUCTION\r\n\r\nCritical analysis involves examining literature beyond its surface meaning. Readers analyze themes, characters, settings, and literary techniques to better understand a text.\r\n\r\nKEY CONCEPTS\r\n\r\n1. Theme\r\nA theme is the central message or lesson of a literary work.\r\n\r\n2. Character Development\r\nCharacters often change and grow throughout a story.\r\n\r\n3. Symbolism\r\nObjects, actions, or events may represent deeper meanings.\r\n\r\nEXAMPLE\r\n\r\nStory:\r\nA young student struggles with challenges but eventually succeeds through hard work.\r\n\r\nTheme:\r\nPerseverance leads to success.\r\n\r\nCharacter Development:\r\nThe student becomes more confident and determined over time.\r\n\r\nREAL-WORLD APPLICATION\r\n\r\nCritical analysis helps students understand novels, poems, dramas, and other forms of literature. It also develops critical thinking skills useful in many academic subjects.\r\n\r\nSUMMARY\r\n\r\nEffective literary analysis requires understanding themes, characters, symbolism, and the authors message.'),
(140, 34, 5, 'Formal Communication and Presentation Skills', 'Develop professional speaking and communication abilities.', 'INTRODUCTION\r\n\r\nFormal communication is used in schools, workplaces, and professional environments. Effective communication helps individuals share ideas clearly and confidently.\r\n\r\nKEY CONCEPTS\r\n\r\n1. Formal Language\r\nFormal communication avoids slang and uses proper grammar.\r\n\r\n2. Presentation Structure\r\nA good presentation includes an introduction, main content, and conclusion.\r\n\r\n3. Body Language\r\nEye contact, posture, and gestures contribute to successful communication.\r\n\r\nEXAMPLE\r\n\r\nPresentation Topic:\r\nEnvironmental Conservation\r\n\r\nIntroduction:\r\nToday I will discuss the importance of protecting our environment.\r\n\r\nMain Points:\r\n- Reduce waste\r\n- Save energy\r\n- Protect natural resources\r\n\r\nConclusion:\r\nEveryone can contribute to environmental conservation through responsible actions.\r\n\r\nREAL-WORLD APPLICATION\r\n\r\nStudents use communication skills during class presentations, interviews, meetings, and workplace discussions.\r\n\r\nSUMMARY\r\n\r\nStrong communication requires clear language, organization, confidence, and active engagement with the audience.'),
(141, 34, 6, 'English for Professional and Academic Success', 'Apply English skills in academic and professional settings.', 'INTRODUCTION\r\n\r\nEnglish is widely used in education, business, science, and international communication. Developing advanced English skills opens opportunities for academic achievement and career growth.\r\n\r\nKEY CONCEPTS\r\n\r\n1. Professional Writing\r\nEmails, reports, and proposals require clear and professional language.\r\n\r\n2. Academic Communication\r\nStudents must present ideas logically and support arguments with evidence.\r\n\r\n3. Critical Thinking\r\nEffective communication often involves analyzing information and presenting well-reasoned conclusions.\r\n\r\nEXAMPLE\r\n\r\nProfessional Email:\r\n\r\nSubject: Meeting Request\r\n\r\nDear Sir,\r\n\r\nI would like to schedule a meeting to discuss the project progress. Please let me know a suitable time.\r\n\r\nThank you.\r\n\r\nBest regards,\r\nStudent\r\n\r\nREAL-WORLD APPLICATION\r\n\r\nEnglish proficiency is valuable in universities, multinational companies, research institutions, and international organizations.\r\n\r\nSUMMARY\r\n\r\nStrong English skills improve academic performance, professional communication, and future career opportunities.'),
(142, 35, 1, 'Algebraic Functions and Graphs', 'Understand functions and graphical representations.', 'INTRODUCTION\r\n\r\nFunctions are mathematical relationships that connect one quantity to another. They are used to model real-life situations such as population growth, business profits, and scientific measurements.\r\n\r\nKEY CONCEPTS\r\n\r\n1. Function\r\nA function assigns exactly one output value to each input value.\r\n\r\n2. Domain and Range\r\nThe domain represents all possible input values, while the range represents all possible output values.\r\n\r\n3. Graphs\r\nGraphs visually display the relationship between variables.\r\n\r\nEXAMPLE\r\n\r\nFunction:\r\ny = 2x + 3\r\n\r\nIf x = 1, then:\r\ny = 2(1) + 3 = 5\r\n\r\nIf x = 4, then:\r\ny = 2(4) + 3 = 11\r\n\r\nREAL-WORLD APPLICATION\r\n\r\nBusinesses use graphs to track sales performance. Scientists use functions to analyze temperature changes and population growth.\r\n\r\nSUMMARY\r\n\r\nFunctions and graphs help us understand relationships between variables and make predictions using mathematical models.'),
(143, 35, 2, 'Trigonometry and Right Triangles', 'Learn trigonometric ratios and their applications.', 'INTRODUCTION\r\n\r\nTrigonometry studies the relationships between angles and sides of triangles. It is widely used in engineering, architecture, navigation, and construction.\r\n\r\nKEY CONCEPTS\r\n\r\n1. Sine\r\nsin θ = Opposite / Hypotenuse\r\n\r\n2. Cosine\r\ncos θ = Adjacent / Hypotenuse\r\n\r\n3. Tangent\r\ntan θ = Opposite / Adjacent\r\n\r\nEXAMPLE\r\n\r\nA ladder leans against a wall forming a 60-degree angle with the ground. If the ladder is 10 meters long:\r\n\r\nHeight = 10 × sin(60°)\r\n\r\nHeight ≈ 8.66 meters\r\n\r\nREAL-WORLD APPLICATION\r\n\r\nEngineers use trigonometry when designing bridges and buildings. Surveyors use it to measure distances and heights.\r\n\r\nSUMMARY\r\n\r\nTrigonometry helps solve problems involving angles and distances in both mathematics and real-life situations.'),
(144, 35, 3, 'Introduction to Calculus', 'Explore limits and rates of change.', 'INTRODUCTION\r\n\r\nCalculus is a branch of mathematics used to study change. It helps scientists, engineers, and economists understand how quantities vary over time.\r\n\r\nKEY CONCEPTS\r\n\r\n1. Limits\r\nA limit describes the value a function approaches.\r\n\r\n2. Derivatives\r\nA derivative measures the rate of change of a function.\r\n\r\n3. Instantaneous Change\r\nCalculus allows us to calculate speed, growth rates, and trends.\r\n\r\nEXAMPLE\r\n\r\nIf a cars position is represented by:\r\n\r\ns(t) = t²\r\n\r\nThe derivative is:\r\n\r\ns\'(t) = 2t\r\n\r\nAt t = 5 seconds:\r\n\r\nSpeed = 10 units per second\r\n\r\nREAL-WORLD APPLICATION\r\n\r\nCalculus is used in physics to study motion, in economics to maximize profits, and in engineering to optimize designs.\r\n\r\nSUMMARY\r\n\r\nCalculus provides powerful tools for understanding change and solving complex real-world problems.'),
(145, 35, 4, 'Probability and Statistics', 'Analyze data and calculate probabilities.', 'INTRODUCTION\r\n\r\nProbability and statistics help people make decisions based on data. These concepts are widely used in business, science, healthcare, and research.\r\n\r\nKEY CONCEPTS\r\n\r\n1. Probability\r\nThe likelihood that an event will occur.\r\n\r\n2. Mean\r\nThe average value of a dataset.\r\n\r\n3. Median\r\nThe middle value in an ordered dataset.\r\n\r\nEXAMPLE\r\n\r\nA bag contains 3 red balls and 2 blue balls.\r\n\r\nProbability of selecting a red ball:\r\n\r\nP(Red) = 3/5\r\n\r\nMean Example:\r\n\r\nNumbers: 10, 15, 20\r\n\r\nMean = (10 + 15 + 20) ÷ 3\r\n\r\nMean = 15\r\n\r\nREAL-WORLD APPLICATION\r\n\r\nWeather forecasts use probability to predict rain. Businesses use statistics to analyze customer behavior.\r\n\r\nSUMMARY\r\n\r\nProbability and statistics help interpret information and support informed decision-making.'),
(146, 35, 5, 'Mathematical Modeling and Problem Solving', 'Apply mathematics to real-world situations.', 'INTRODUCTION\r\n\r\nMathematical modeling uses equations and formulas to represent real-life situations. It allows people to predict outcomes and solve practical problems.\r\n\r\nKEY CONCEPTS\r\n\r\n1. Variables\r\nSymbols representing unknown values.\r\n\r\n2. Equations\r\nMathematical statements showing relationships.\r\n\r\n3. Modeling Process\r\nIdentify the problem, create a model, solve it, and evaluate the result.\r\n\r\nEXAMPLE\r\n\r\nA company sells notebooks for 2,000 MMK each.\r\n\r\nRevenue Formula:\r\n\r\nRevenue = Price × Quantity\r\n\r\nIf 500 notebooks are sold:\r\n\r\nRevenue = 2,000 × 500\r\n\r\nRevenue = 1,000,000 MMK\r\n\r\nREAL-WORLD APPLICATION\r\n\r\nBusinesses use models to forecast profits. Scientists use them to predict environmental changes and population growth.\r\n\r\nSUMMARY\r\n\r\nMathematical modeling connects classroom mathematics to real-world decision-making and problem-solving.'),
(147, 36, 1, 'Atomic Structure and Periodic Trends', 'Understand atoms and the periodic table.', 'INTRODUCTION\r\n\r\nAtomic structure is the foundation of chemistry. Everything around us, including air, water, and living organisms, is made of atoms. Scientists study atomic structure to understand how substances behave and interact.\r\n\r\nKEY CONCEPTS\r\n\r\n1. Protons\r\nPositively charged particles found in the nucleus.\r\n\r\n2. Neutrons\r\nNeutral particles located in the nucleus.\r\n\r\n3. Electrons\r\nNegatively charged particles that move around the nucleus.\r\n\r\n4. Atomic Number\r\nThe number of protons in an atom.\r\n\r\nEXAMPLE\r\n\r\nCarbon has:\r\n- 6 Protons\r\n- 6 Neutrons\r\n- 6 Electrons\r\n\r\nIts atomic number is 6.\r\n\r\nPERIODIC TABLE\r\n\r\nElements are arranged according to atomic number. Elements in the same group often have similar chemical properties.\r\n\r\nREAL-WORLD APPLICATION\r\n\r\nScientists use atomic structure to develop medicines, electronics, and advanced materials used in everyday products.\r\n\r\nSUMMARY\r\n\r\nUnderstanding atoms and periodic trends helps explain the behavior of elements and compounds.'),
(148, 36, 2, 'Chemical Bonding and Molecular Structure', 'Learn how atoms form compounds.', 'INTRODUCTION\r\n\r\nAtoms combine with one another to form molecules and compounds. Chemical bonding explains how these combinations occur and why different substances have different properties.\r\n\r\nKEY CONCEPTS\r\n\r\n1. Ionic Bond\r\nFormed when electrons are transferred between atoms.\r\n\r\n2. Covalent Bond\r\nFormed when atoms share electrons.\r\n\r\n3. Metallic Bond\r\nOccurs between metal atoms.\r\n\r\nEXAMPLE\r\n\r\nSodium (Na) transfers one electron to Chlorine (Cl).\r\n\r\nResult:\r\nNaCl (Table Salt)\r\n\r\nThis ionic compound is commonly used in food preparation.\r\n\r\nMOLECULAR STRUCTURE\r\n\r\nThe arrangement of atoms within a molecule affects its physical and chemical properties.\r\n\r\nREAL-WORLD APPLICATION\r\n\r\nChemical bonding is important in medicine, construction materials, plastics, and household products.\r\n\r\nSUMMARY\r\n\r\nChemical bonds allow atoms to form stable compounds that make up the materials used in everyday life.'),
(149, 36, 3, 'Chemical Reactions and Stoichiometry', 'Study chemical changes and calculations.', 'INTRODUCTION\r\n\r\nChemical reactions occur when substances interact to form new substances. Chemists use stoichiometry to calculate the quantities of reactants and products involved in reactions.\r\n\r\nKEY CONCEPTS\r\n\r\n1. Reactants\r\nSubstances that take part in a reaction.\r\n\r\n2. Products\r\nSubstances formed after the reaction.\r\n\r\n3. Balanced Equation\r\nAn equation with equal numbers of atoms on both sides.\r\n\r\nEXAMPLE\r\n\r\n2H₂ + O₂ → 2H₂O\r\n\r\nHydrogen reacts with oxygen to produce water.\r\n\r\nSTOICHIOMETRY\r\n\r\nStoichiometry helps determine how much of a substance is needed or produced in a reaction.\r\n\r\nREAL-WORLD APPLICATION\r\n\r\nFactories use stoichiometric calculations to manufacture fertilizers, medicines, and industrial chemicals efficiently.\r\n\r\nSUMMARY\r\n\r\nChemical reactions transform matter, while stoichiometry helps scientists predict reaction outcomes accurately.'),
(150, 36, 4, 'Acids, Bases, and pH', 'Explore acidic and basic substances.', 'INTRODUCTION\r\n\r\nAcids and bases are important chemical substances found in everyday life. They play significant roles in industry, agriculture, medicine, and environmental science.\r\n\r\nKEY CONCEPTS\r\n\r\n1. Acids\r\nRelease hydrogen ions in water.\r\n\r\n2. Bases\r\nRelease hydroxide ions in water.\r\n\r\n3. pH Scale\r\nMeasures acidity and alkalinity from 0 to 14.\r\n\r\nEXAMPLE\r\n\r\npH Values:\r\n\r\n- Lemon Juice: pH 2\r\n- Pure Water: pH 7\r\n- Soap Solution: pH 10\r\n\r\nA lower pH indicates greater acidity, while a higher pH indicates greater alkalinity.\r\n\r\nREAL-WORLD APPLICATION\r\n\r\nFarmers test soil pH to improve crop growth. Doctors monitor body pH levels to assess health conditions.\r\n\r\nSUMMARY\r\n\r\nUnderstanding acids, bases, and pH is essential for solving environmental, agricultural, and medical challenges.');
INSERT INTO `lessons` (`id`, `course_id`, `lesson_order`, `lesson_title`, `description`, `content`) VALUES
(151, 36, 5, 'Organic Chemistry and Carbon Compounds', 'Learn the chemistry of carbon-based substances.', 'INTRODUCTION\r\n\r\nOrganic chemistry focuses on compounds containing carbon. Carbon is one of the most important elements because it forms the basis of all living organisms.\r\n\r\nKEY CONCEPTS\r\n\r\n1. Hydrocarbons\r\nCompounds made of carbon and hydrogen.\r\n\r\n2. Functional Groups\r\nSpecific groups of atoms that determine chemical behavior.\r\n\r\n3. Organic Molecules\r\nInclude carbohydrates, proteins, fats, and many industrial chemicals.\r\n\r\nEXAMPLE\r\n\r\nMethane (CH₄) is a simple hydrocarbon commonly used as a fuel source.\r\n\r\nEthanol (C₂H₅OH) is used in hand sanitizers and industrial applications.\r\n\r\nREAL-WORLD APPLICATION\r\n\r\nOrganic chemistry is essential in pharmaceuticals, food production, cosmetics, agriculture, and fuel technology.\r\n\r\nSUMMARY\r\n\r\nThe study of carbon compounds helps scientists develop products that improve health, transportation, and quality of life.'),
(152, 37, 1, 'Cell Structure and Function', 'Understand the basic unit of life.', 'INTRODUCTION\r\n\r\nCells are the basic structural and functional units of all living organisms. Every living thing, from microscopic bacteria to large animals and plants, is made up of cells. Understanding cells helps scientists explain how living organisms grow, reproduce, and survive.\r\n\r\nKEY CONCEPTS\r\n\r\n1. Cell Membrane\r\nThe cell membrane controls what enters and leaves the cell.\r\n\r\n2. Nucleus\r\nThe nucleus contains genetic material and controls cell activities.\r\n\r\n3. Cytoplasm\r\nA jelly-like substance where many cellular processes occur.\r\n\r\n4. Mitochondria\r\nKnown as the powerhouse of the cell because they produce energy.\r\n\r\nEXAMPLE\r\n\r\nHuman muscle cells contain many mitochondria because muscles require large amounts of energy during physical activity.\r\n\r\nREAL-WORLD APPLICATION\r\n\r\nMedical researchers study cells to understand diseases, develop treatments, and improve healthcare technologies.\r\n\r\nSUMMARY\r\n\r\nCells are essential building blocks of life and perform the functions necessary for survival.'),
(153, 37, 2, 'Genetics and Heredity', 'Learn how traits are inherited.', 'INTRODUCTION\r\n\r\nGenetics is the study of heredity and variation in living organisms. Traits such as eye color, hair type, and blood group are passed from parents to offspring through genes.\r\n\r\nKEY CONCEPTS\r\n\r\n1. Genes\r\nUnits of heredity found on chromosomes.\r\n\r\n2. DNA\r\nThe molecule that contains genetic information.\r\n\r\n3. Chromosomes\r\nStructures that carry genes within cells.\r\n\r\n4. Inheritance\r\nThe process by which traits are passed from one generation to another.\r\n\r\nEXAMPLE\r\n\r\nA child may inherit brown eyes from one parent and curly hair from another due to the combination of genes received.\r\n\r\nREAL-WORLD APPLICATION\r\n\r\nGenetics is used in medicine to diagnose inherited diseases and develop personalized treatments.\r\n\r\nSUMMARY\r\n\r\nGenes and DNA determine inherited characteristics and contribute to biological diversity.'),
(154, 37, 3, 'Human Body Systems', 'Explore how body systems work together.', 'INTRODUCTION\r\n\r\nThe human body consists of several organ systems that work together to maintain life. Each system performs specific functions that contribute to overall health and survival.\r\n\r\nKEY CONCEPTS\r\n\r\n1. Circulatory System\r\nTransports oxygen, nutrients, and waste products.\r\n\r\n2. Respiratory System\r\nAllows the exchange of oxygen and carbon dioxide.\r\n\r\n3. Digestive System\r\nBreaks down food and absorbs nutrients.\r\n\r\n4. Nervous System\r\nControls body activities and responses.\r\n\r\nEXAMPLE\r\n\r\nWhen a person runs, the respiratory system increases oxygen intake while the circulatory system delivers oxygen to muscles.\r\n\r\nREAL-WORLD APPLICATION\r\n\r\nDoctors and healthcare professionals rely on knowledge of body systems to diagnose and treat illnesses.\r\n\r\nSUMMARY\r\n\r\nBody systems work together to maintain balance and support life processes.'),
(155, 37, 4, 'Ecology and Ecosystems', 'Study interactions between organisms and their environment.', 'INTRODUCTION\r\n\r\nEcology examines the relationships between living organisms and their surroundings. An ecosystem includes both living organisms and non-living environmental factors.\r\n\r\nKEY CONCEPTS\r\n\r\n1. Producers\r\nPlants that produce food through photosynthesis.\r\n\r\n2. Consumers\r\nAnimals that obtain energy by eating other organisms.\r\n\r\n3. Decomposers\r\nOrganisms that break down dead matter and recycle nutrients.\r\n\r\n4. Food Chains\r\nPathways through which energy flows in ecosystems.\r\n\r\nEXAMPLE\r\n\r\nIn a grassland ecosystem:\r\nGrass → Rabbit → Fox\r\n\r\nThis food chain shows how energy moves from producers to consumers.\r\n\r\nREAL-WORLD APPLICATION\r\n\r\nEcologists study ecosystems to protect wildlife, manage natural resources, and address environmental issues.\r\n\r\nSUMMARY\r\n\r\nHealthy ecosystems support biodiversity and provide essential resources for life.'),
(156, 37, 5, 'Evolution and Biodiversity', 'Understand biological diversity and evolution.', 'INTRODUCTION\r\n\r\nEvolution is the process through which living organisms change over time. Biodiversity refers to the variety of living organisms found on Earth.\r\n\r\nKEY CONCEPTS\r\n\r\n1. Natural Selection\r\nOrganisms with beneficial traits are more likely to survive and reproduce.\r\n\r\n2. Adaptation\r\nCharacteristics that improve survival in specific environments.\r\n\r\n3. Species\r\nGroups of organisms capable of reproducing with one another.\r\n\r\n4. Biodiversity\r\nThe variety of life within ecosystems and across the planet.\r\n\r\nEXAMPLE\r\n\r\nPolar bears have thick fur and layers of fat that help them survive in cold Arctic environments. These adaptations increase their chances of survival.\r\n\r\nREAL-WORLD APPLICATION\r\n\r\nUnderstanding evolution helps scientists study diseases, conserve endangered species, and improve agricultural practices.\r\n\r\nSUMMARY\r\n\r\nEvolution explains how organisms change over time, while biodiversity contributes to healthy and stable ecosystems.'),
(157, 38, 1, 'Introduction to Economics and Scarcity', 'Learn the basic principles of economics.', 'INTRODUCTION\r\n\r\nEconomics is the study of how individuals, businesses, and governments make choices when resources are limited. Since human wants are unlimited but resources are scarce, people must decide how to use available resources efficiently.\r\n\r\nKEY CONCEPTS\r\n\r\n1. Scarcity\r\nScarcity occurs when resources are insufficient to satisfy all human wants.\r\n\r\n2. Choice\r\nPeople must choose between alternatives because resources are limited.\r\n\r\n3. Opportunity Cost\r\nThe value of the next best alternative that is given up when making a choice.\r\n\r\nEXAMPLE\r\n\r\nA student has two hours available after school. They can either study for an exam or watch a movie. If they choose to watch the movie, the opportunity cost is the study time they sacrificed.\r\n\r\nREAL-WORLD APPLICATION\r\n\r\nGovernments must decide how to allocate budgets between education, healthcare, infrastructure, and defense. Businesses also face decisions about how to use labor and capital effectively.\r\n\r\nSUMMARY\r\n\r\nEconomics helps individuals and societies make better decisions about the use of limited resources.'),
(158, 38, 2, 'Supply, Demand, and Market Equilibrium', 'Understand how markets determine prices.', 'INTRODUCTION\r\n\r\nSupply and demand are the fundamental forces that determine prices in a market economy. They influence the production and consumption of goods and services.\r\n\r\nKEY CONCEPTS\r\n\r\n1. Demand\r\nThe quantity of a product consumers are willing and able to buy.\r\n\r\n2. Supply\r\nThe quantity of a product producers are willing and able to sell.\r\n\r\n3. Market Equilibrium\r\nThe point where supply equals demand.\r\n\r\nEXAMPLE\r\n\r\nIf the demand for smartphones increases while supply remains unchanged, prices may rise. If manufacturers increase production, prices may eventually stabilize.\r\n\r\nREAL-WORLD APPLICATION\r\n\r\nRetail stores use supply and demand principles to determine product pricing. Farmers, manufacturers, and online businesses also rely on market analysis.\r\n\r\nSUMMARY\r\n\r\nMarket prices are determined by the interaction between buyers and sellers through supply and demand.'),
(159, 38, 3, 'Types of Economic Systems', 'Explore different economic structures.', 'INTRODUCTION\r\n\r\nCountries organize their economies in different ways to determine how resources are allocated and how goods and services are produced.\r\n\r\nKEY CONCEPTS\r\n\r\n1. Market Economy\r\nDecisions are mainly made by consumers and businesses.\r\n\r\n2. Command Economy\r\nThe government controls production and distribution.\r\n\r\n3. Mixed Economy\r\nCombines elements of market and command systems.\r\n\r\nEXAMPLE\r\n\r\nMany modern countries use a mixed economy where businesses operate freely, but governments regulate certain industries and provide public services.\r\n\r\nREAL-WORLD APPLICATION\r\n\r\nEconomic systems influence employment opportunities, business growth, taxation, and public services available to citizens.\r\n\r\nSUMMARY\r\n\r\nDifferent economic systems provide different approaches to managing resources and economic activities.'),
(160, 38, 4, 'National Income and Economic Growth', 'Learn how economic performance is measured.', 'INTRODUCTION\r\n\r\nEconomists use various indicators to evaluate the performance of a country economy. One of the most important measures is Gross Domestic Product (GDP).\r\n\r\nKEY CONCEPTS\r\n\r\n1. GDP\r\nThe total value of goods and services produced within a country.\r\n\r\n2. Economic Growth\r\nAn increase in the production of goods and services over time.\r\n\r\n3. Living Standards\r\nThe level of wealth, comfort, and necessities available to people.\r\n\r\nEXAMPLE\r\n\r\nIf a country produces more goods and services this year than last year, its GDP increases, indicating economic growth.\r\n\r\nREAL-WORLD APPLICATION\r\n\r\nGovernments monitor economic growth to create policies that improve employment, reduce poverty, and increase national prosperity.\r\n\r\nSUMMARY\r\n\r\nEconomic growth plays an important role in improving the quality of life and creating opportunities for citizens.'),
(161, 38, 5, 'Inflation, Unemployment, and Government Policies', 'Study major economic challenges and solutions.', 'INTRODUCTION\r\n\r\nInflation and unemployment are two major issues that affect every economy. Governments and central banks use various policies to maintain economic stability.\r\n\r\nKEY CONCEPTS\r\n\r\n1. Inflation\r\nA continuous increase in the general price level of goods and services.\r\n\r\n2. Unemployment\r\nA situation where people who are willing to work cannot find jobs.\r\n\r\n3. Fiscal Policy\r\nGovernment decisions regarding taxation and spending.\r\n\r\n4. Monetary Policy\r\nCentral bank actions involving interest rates and money supply.\r\n\r\nEXAMPLE\r\n\r\nWhen inflation becomes too high, central banks may increase interest rates to reduce spending and control price growth.\r\n\r\nREAL-WORLD APPLICATION\r\n\r\nEconomic policies affect household budgets, business investments, employment opportunities, and national development.\r\n\r\nSUMMARY\r\n\r\nUnderstanding inflation, unemployment, and government policies helps citizens better understand economic conditions and decision-making.'),
(162, 39, 1, 'Motion and Kinematics', 'Learn the fundamentals of motion.', 'INTRODUCTION\r\n\r\nMotion is one of the most common phenomena observed in everyday life. Whether it is a car moving on a highway, a football being kicked across a field, or a satellite orbiting Earth, physics helps us understand and describe motion accurately.\r\n\r\nKEY CONCEPTS\r\n\r\n1. Distance\r\nThe total path traveled by an object.\r\n\r\n2. Displacement\r\nThe shortest distance from the starting point to the ending point.\r\n\r\n3. Speed\r\nThe rate at which distance is covered.\r\n\r\n4. Velocity\r\nSpeed in a specific direction.\r\n\r\n5. Acceleration\r\nThe rate of change of velocity.\r\n\r\nEXAMPLE\r\n\r\nA car travels 120 kilometers in 2 hours.\r\n\r\nSpeed = Distance ÷ Time\r\n\r\nSpeed = 120 ÷ 2\r\n\r\nSpeed = 60 km/h\r\n\r\nREAL-WORLD APPLICATION\r\n\r\nEngineers use kinematics when designing transportation systems. Athletes and coaches analyze motion to improve sports performance.\r\n\r\nSUMMARY\r\n\r\nKinematics provides tools for describing motion and understanding how objects move in different situations.'),
(163, 39, 2, 'Forces and Newtons Laws of Motion', 'Understand how forces affect movement.', 'INTRODUCTION\r\n\r\nForces influence the motion of objects. Sir Isaac Newton developed three laws that explain how forces affect movement and interactions between objects.\r\n\r\nKEY CONCEPTS\r\n\r\n1. First Law\r\nAn object remains at rest or in uniform motion unless acted upon by a force.\r\n\r\n2. Second Law\r\nForce equals mass multiplied by acceleration.\r\n\r\n3. Third Law\r\nFor every action, there is an equal and opposite reaction.\r\n\r\nEXAMPLE\r\n\r\nA shopping cart moves faster when pushed with greater force. A heavier cart requires more force to achieve the same acceleration.\r\n\r\nNEWTON SECOND LAW\r\n\r\nForce = Mass × Acceleration\r\n\r\nIf a 5 kg object accelerates at 2 m/s²:\r\n\r\nForce = 5 × 2\r\n\r\nForce = 10 Newtons\r\n\r\nREAL-WORLD APPLICATION\r\n\r\nVehicle safety systems such as seat belts and airbags are designed using Newtons laws.\r\n\r\nSUMMARY\r\n\r\nForces determine how objects move and interact, making Newtons laws fundamental to physics.'),
(164, 39, 3, 'Work, Energy, and Power', 'Study how energy is transferred and used.', 'INTRODUCTION\r\n\r\nEnergy is required for every activity, from walking and running to operating machines and generating electricity. Physics helps explain how energy is transferred and transformed.\r\n\r\nKEY CONCEPTS\r\n\r\n1. Work\r\nWork occurs when a force moves an object through a distance.\r\n\r\n2. Kinetic Energy\r\nThe energy of motion.\r\n\r\n3. Potential Energy\r\nStored energy due to position.\r\n\r\n4. Power\r\nThe rate at which work is done.\r\n\r\nEXAMPLE\r\n\r\nA student lifts a 10 kg box onto a shelf. Energy is transferred from the students muscles to the box.\r\n\r\nTYPES OF ENERGY\r\n\r\n- Mechanical Energy\r\n- Thermal Energy\r\n- Electrical Energy\r\n- Chemical Energy\r\n\r\nREAL-WORLD APPLICATION\r\n\r\nPower plants convert different forms of energy into electricity used in homes, schools, and industries.\r\n\r\nSUMMARY\r\n\r\nEnergy can change forms but cannot be created or destroyed, making it one of the most important concepts in science.'),
(165, 39, 4, 'Electricity and Magnetism', 'Explore electric charges and magnetic fields.', 'INTRODUCTION\r\n\r\nElectricity and magnetism are closely connected forces that power modern technology. From smartphones to electric vehicles, these concepts play an important role in everyday life.\r\n\r\nKEY CONCEPTS\r\n\r\n1. Electric Charge\r\nA property of matter that causes electrical interactions.\r\n\r\n2. Current\r\nThe flow of electric charges.\r\n\r\n3. Voltage\r\nThe electrical pressure that drives current.\r\n\r\n4. Resistance\r\nThe opposition to current flow.\r\n\r\n5. Magnetic Field\r\nA region where magnetic forces can be detected.\r\n\r\nEXAMPLE\r\n\r\nA simple flashlight uses batteries to create an electric current that powers a light bulb.\r\n\r\nCOMMON DEVICES\r\n\r\n- Mobile Phones\r\n- Computers\r\n- Electric Fans\r\n- Television Sets\r\n\r\nREAL-WORLD APPLICATION\r\n\r\nElectricians, engineers, and technology companies rely on electricity and magnetism to develop modern electronic devices.\r\n\r\nSUMMARY\r\n\r\nElectricity and magnetism form the foundation of many technologies used in daily life.'),
(166, 39, 5, 'Waves, Light, and Modern Physics', 'Learn about wave behavior and modern discoveries.', 'INTRODUCTION\r\n\r\nWaves transfer energy from one place to another without transferring matter. Light, sound, and radio signals are examples of wave phenomena that influence our daily lives.\r\n\r\nKEY CONCEPTS\r\n\r\n1. Mechanical Waves\r\nRequire a medium to travel.\r\n\r\n2. Electromagnetic Waves\r\nCan travel through a vacuum.\r\n\r\n3. Reflection\r\nThe bouncing of waves from a surface.\r\n\r\n4. Refraction\r\nThe bending of waves when entering a different medium.\r\n\r\n5. Frequency and Wavelength\r\nProperties used to describe waves.\r\n\r\nEXAMPLE\r\n\r\nWhen light passes through a glass lens, it bends due to refraction, allowing glasses to correct vision problems.\r\n\r\nMODERN PHYSICS\r\n\r\nModern physics includes theories such as relativity and quantum mechanics, which explain phenomena that classical physics cannot fully describe.\r\n\r\nREAL-WORLD APPLICATION\r\n\r\nTechnologies such as Wi-Fi, satellite communication, medical imaging, and lasers depend on the principles of waves and modern physics.\r\n\r\nSUMMARY\r\n\r\nThe study of waves and modern physics has led to major scientific discoveries and technological advancements that shape the modern world.');

-- --------------------------------------------------------

--
-- Table structure for table `quiz_results`
--

CREATE TABLE `quiz_results` (
  `id` int(11) NOT NULL,
  `user_id` int(11) DEFAULT NULL,
  `topic` varchar(255) DEFAULT NULL,
  `subject` varchar(50) DEFAULT NULL,
  `score` int(11) DEFAULT NULL,
  `total_questions` int(11) DEFAULT NULL,
  `created_at` timestamp NOT NULL DEFAULT current_timestamp()
) ENGINE=InnoDB DEFAULT CHARSET=utf8mb4 COLLATE=utf8mb4_general_ci;

--
-- Dumping data for table `quiz_results`
--

INSERT INTO `quiz_results` (`id`, `user_id`, `topic`, `subject`, `score`, `total_questions`, `created_at`) VALUES
(8, 3, 'what is html', 'Computer Science', 60, 5, '2026-06-04 10:20:41'),
(11, 3, 'what is ratio', 'Math', 100, 5, '2026-06-04 10:24:33'),
(12, 3, 'is ecosystem matter', 'Science', 40, 5, '2026-06-04 10:25:45'),
(22, 3, 'Geometry Essentials', 'Math', 20, 5, '2026-06-09 08:50:31'),
(31, 3, 'Environment and Ecosystems', 'Science', 40, 5, '2026-06-12 04:39:31'),
(33, 3, 'what is momentun', 'General', 40, 5, '2026-06-12 09:00:12');

-- --------------------------------------------------------

--
-- Table structure for table `quiz_topics`
--

CREATE TABLE `quiz_topics` (
  `id` int(11) NOT NULL,
  `subject_id` int(11) NOT NULL,
  `title` varchar(255) NOT NULL,
  `description` text DEFAULT NULL,
  `difficulty` enum('Easy','Medium','Hard') DEFAULT 'Easy',
  `created_at` timestamp NOT NULL DEFAULT current_timestamp()
) ENGINE=InnoDB DEFAULT CHARSET=utf8mb4 COLLATE=utf8mb4_general_ci;

--
-- Dumping data for table `quiz_topics`
--

INSERT INTO `quiz_topics` (`id`, `subject_id`, `title`, `description`, `difficulty`, `created_at`) VALUES
(3, 1, 'Grammar Quiz', 'Check your grammar knowledge.', 'Easy', '2026-06-08 09:04:20'),
(4, 1, 'Vocabulary Challenge', 'Improve your vocabulary.', 'Medium', '2026-06-08 09:04:20'),
(5, 3, 'Newton Laws', 'Test your understanding of Newton laws.', 'Medium', '2026-06-08 09:04:20'),
(6, 3, 'Human Body', 'Quiz about body systems.', 'Easy', '2026-06-08 09:04:20'),
(19, 4, 'English Grammar Fundamentals', 'Test grammar and language skills.', 'Easy', '2026-06-12 04:24:20'),
(20, 4, 'Advanced English Comprehension', 'Reading and interpretation practice.', 'Medium', '2026-06-12 04:24:20'),
(21, 4, 'Algebra and Functions', 'Evaluate algebraic concepts.', 'Medium', '2026-06-12 04:24:20'),
(22, 4, 'Trigonometry Applications', 'Solve trigonometric problems.', 'Hard', '2026-06-12 04:24:20'),
(23, 4, 'Atomic Structure and Elements', 'Basic chemistry concepts.', 'Easy', '2026-06-12 04:24:20'),
(24, 4, 'Chemical Reactions and Equations', 'Analyze chemical processes.', 'Medium', '2026-06-12 04:24:20'),
(25, 4, 'Cell Biology and Genetics', 'Test biological foundations.', 'Medium', '2026-06-12 04:24:20'),
(26, 4, 'Human Body Systems', 'Understand organ functions.', 'Hard', '2026-06-12 04:24:20'),
(27, 4, 'Principles of Economics', 'Core economic concepts.', 'Easy', '2026-06-12 04:24:20'),
(28, 4, 'Supply and Demand Analysis', 'Market behavior questions.', 'Medium', '2026-06-12 04:24:20'),
(29, 4, 'Motion and Forces', 'Physics mechanics assessment.', 'Medium', '2026-06-12 04:24:20'),
(30, 4, 'Electricity and Magnetism', 'Electrical physics concepts.', 'Hard', '2026-06-12 04:24:20'),
(31, 3, 'Introduction to Science', 'Basic science concepts.', 'Easy', '2026-06-12 04:25:31'),
(32, 3, 'Matter and Its Properties', 'Study solids, liquids, and gases.', 'Easy', '2026-06-12 04:25:31'),
(33, 3, 'Energy and Motion', 'Explore energy and movement.', 'Medium', '2026-06-12 04:25:31'),
(34, 3, 'Living Organisms', 'Understand life processes.', 'Medium', '2026-06-12 04:25:31'),
(35, 3, 'Environment and Ecosystems', 'Learn ecological relationships.', 'Hard', '2026-06-12 04:25:31'),
(36, 2, 'Basic Arithmetic Quiz', 'Test arithmetic skills.', 'Easy', '2026-06-12 04:27:06'),
(37, 2, 'Algebra Fundamentals Quiz', 'Practice algebra problems.', 'Medium', '2026-06-12 04:27:06'),
(38, 2, 'Geometry Quiz', 'Shapes, angles, and theorems.', 'Medium', '2026-06-12 04:27:06'),
(39, 2, 'Trigonometry Quiz', 'Solve trigonometric questions.', 'Hard', '2026-06-12 04:27:06'),
(40, 2, 'Probability and Statistics Quiz', 'Analyze data and probability.', 'Hard', '2026-06-12 04:27:06');

-- --------------------------------------------------------

--
-- Table structure for table `saved_lessons`
--

CREATE TABLE `saved_lessons` (
  `id` int(11) NOT NULL,
  `user_id` int(11) NOT NULL,
  `lesson_id` int(11) NOT NULL,
  `created_at` timestamp NOT NULL DEFAULT current_timestamp()
) ENGINE=InnoDB DEFAULT CHARSET=utf8mb4 COLLATE=utf8mb4_general_ci;

--
-- Dumping data for table `saved_lessons`
--

INSERT INTO `saved_lessons` (`id`, `user_id`, `lesson_id`, `created_at`) VALUES
(16, 3, 23, '2026-06-09 04:13:56'),
(17, 3, 24, '2026-06-09 04:13:58'),
(18, 3, 10, '2026-06-09 04:29:54'),
(19, 3, 87, '2026-06-09 05:06:16'),
(20, 3, 36, '2026-06-09 08:10:06'),
(21, 3, 58, '2026-06-10 03:42:30'),
(23, 3, 30, '2026-06-10 03:49:02'),
(26, 3, 92, '2026-06-11 04:55:34');

-- --------------------------------------------------------

--
-- Table structure for table `subjects`
--

CREATE TABLE `subjects` (
  `id` int(11) NOT NULL,
  `subject_name` varchar(100) NOT NULL
) ENGINE=InnoDB DEFAULT CHARSET=utf8mb4 COLLATE=utf8mb4_general_ci;

--
-- Dumping data for table `subjects`
--

INSERT INTO `subjects` (`id`, `subject_name`) VALUES
(1, 'English'),
(2, 'Math'),
(3, 'Science'),
(4, 'Grade-12');

-- --------------------------------------------------------

--
-- Table structure for table `users`
--

CREATE TABLE `users` (
  `id` int(11) NOT NULL,
  `name` varchar(100) DEFAULT NULL,
  `email` varchar(100) DEFAULT NULL,
  `password` varchar(255) DEFAULT NULL,
  `school` varchar(100) DEFAULT NULL,
  `language` varchar(50) DEFAULT NULL,
  `created_at` timestamp NOT NULL DEFAULT current_timestamp()
) ENGINE=InnoDB DEFAULT CHARSET=utf8mb4 COLLATE=utf8mb4_general_ci;

--
-- Dumping data for table `users`
--

INSERT INTO `users` (`id`, `name`, `email`, `password`, `school`, `language`, `created_at`) VALUES
(3, 'Firy', 'kk@gmail.com', '$2y$10$WoU2.TkfWLv0EORGoj66TuD8xu4Hq4yJXKuyOGUfT1BxsSgUdykf.', 'GIC', 'English', '2026-06-04 03:14:23'),
(4, 'Vinn', 'vv@gmail.com', '$2y$10$2D8gjHT1tOC6dznb4kV21OkUYT7Ajsbghg.iDKTsoNV2kSh8zwfKW', 'vv', 'English', '2026-06-04 06:52:06');

--
-- Indexes for dumped tables
--

--
-- Indexes for table `ai_chat_history`
--
ALTER TABLE `ai_chat_history`
  ADD PRIMARY KEY (`id`);

--
-- Indexes for table `courses`
--
ALTER TABLE `courses`
  ADD PRIMARY KEY (`id`),
  ADD KEY `subject_id` (`subject_id`);

--
-- Indexes for table `lessons`
--
ALTER TABLE `lessons`
  ADD PRIMARY KEY (`id`),
  ADD KEY `course_id` (`course_id`);

--
-- Indexes for table `quiz_results`
--
ALTER TABLE `quiz_results`
  ADD PRIMARY KEY (`id`);

--
-- Indexes for table `quiz_topics`
--
ALTER TABLE `quiz_topics`
  ADD PRIMARY KEY (`id`);

--
-- Indexes for table `saved_lessons`
--
ALTER TABLE `saved_lessons`
  ADD PRIMARY KEY (`id`),
  ADD UNIQUE KEY `unique_save` (`user_id`,`lesson_id`);

--
-- Indexes for table `subjects`
--
ALTER TABLE `subjects`
  ADD PRIMARY KEY (`id`);

--
-- Indexes for table `users`
--
ALTER TABLE `users`
  ADD PRIMARY KEY (`id`);

--
-- AUTO_INCREMENT for dumped tables
--

--
-- AUTO_INCREMENT for table `ai_chat_history`
--
ALTER TABLE `ai_chat_history`
  MODIFY `id` int(11) NOT NULL AUTO_INCREMENT, AUTO_INCREMENT=26;

--
-- AUTO_INCREMENT for table `courses`
--
ALTER TABLE `courses`
  MODIFY `id` int(11) NOT NULL AUTO_INCREMENT, AUTO_INCREMENT=40;

--
-- AUTO_INCREMENT for table `lessons`
--
ALTER TABLE `lessons`
  MODIFY `id` int(11) NOT NULL AUTO_INCREMENT, AUTO_INCREMENT=167;

--
-- AUTO_INCREMENT for table `quiz_results`
--
ALTER TABLE `quiz_results`
  MODIFY `id` int(11) NOT NULL AUTO_INCREMENT, AUTO_INCREMENT=34;

--
-- AUTO_INCREMENT for table `quiz_topics`
--
ALTER TABLE `quiz_topics`
  MODIFY `id` int(11) NOT NULL AUTO_INCREMENT, AUTO_INCREMENT=41;

--
-- AUTO_INCREMENT for table `saved_lessons`
--
ALTER TABLE `saved_lessons`
  MODIFY `id` int(11) NOT NULL AUTO_INCREMENT, AUTO_INCREMENT=27;

--
-- AUTO_INCREMENT for table `subjects`
--
ALTER TABLE `subjects`
  MODIFY `id` int(11) NOT NULL AUTO_INCREMENT, AUTO_INCREMENT=5;

--
-- AUTO_INCREMENT for table `users`
--
ALTER TABLE `users`
  MODIFY `id` int(11) NOT NULL AUTO_INCREMENT, AUTO_INCREMENT=5;

--
-- Constraints for dumped tables
--

--
-- Constraints for table `courses`
--
ALTER TABLE `courses`
  ADD CONSTRAINT `courses_ibfk_1` FOREIGN KEY (`subject_id`) REFERENCES `subjects` (`id`) ON DELETE CASCADE;

--
-- Constraints for table `lessons`
--
ALTER TABLE `lessons`
  ADD CONSTRAINT `lessons_ibfk_1` FOREIGN KEY (`course_id`) REFERENCES `courses` (`id`) ON DELETE CASCADE;
COMMIT;

/*!40101 SET CHARACTER_SET_CLIENT=@OLD_CHARACTER_SET_CLIENT */;
/*!40101 SET CHARACTER_SET_RESULTS=@OLD_CHARACTER_SET_RESULTS */;
/*!40101 SET COLLATION_CONNECTION=@OLD_COLLATION_CONNECTION */;
